-0.8023425936698914,-0.1562713086605072
-0.6169198155403137,-0.183659166097641
-0.8737128973007202,-0.05665765702724457
-0.7450224161148071,-0.045474663376808167
-0.8958053588867188,-0.12877535820007324
-0.8886045813560486,-0.05710617080330849
-0.7271512150764465,-0.14592482149600983
-0.8208944797515869,-0.27352216839790344
-0.8266379833221436,-0.0015688462881371379
-0.9125396013259888,-0.1975996047258377
-0.8513273000717163,-0.02055255137383938
-0.6974175572395325,-0.12032672762870789
-0.9542820453643799,0.04084315523505211
-0.8936468958854675,-0.21711339056491852
-0.6905169486999512,-0.10157547891139984
-0.8085296750068665,0.0018020209390670061
-0.9869280457496643,-0.13996940851211548
-0.7325807809829712,-0.2306491732597351
-0.8989839553833008,0.03718346357345581
-0.720141589641571,-0.18097177147865295
-0.7622653245925903,-0.0039977398701012135
-0.6588582396507263,-0.06302519142627716
-0.6925478577613831,-0.019988223910331726
-0.6482430100440979,-0.05687692016363144
-0.9417146444320679,-0.15491946041584015
-0.6113682389259338,-0.20361825823783875
-1.0,-0.06663589179515839
-0.8536524772644043,-0.15325680375099182
-0.938377320766449,0.055368952453136444
-0.7865162491798401,-0.07657061517238617
-0.9146971702575684,-0.07679784297943115
-0.7533361911773682,-0.28777164220809937
-0.8905876874923706,-0.17482243478298187
0.4917061924934387,-0.13104254007339478
-0.6218752264976501,-0.07906977832317352
-0.497041255235672,-0.10193362832069397
-0.07426205277442932,-0.7159696221351624
0.20225250720977783,0.10370901226997375
-0.7296234965324402,-0.15278735756874084
0.5992690920829773,-0.0517890490591526
-0.8011525869369507,-0.3225819766521454
-0.09966347366571426,0.3757382035255432
0.029106294736266136,-0.08713220059871674
-0.07852602005004883,-0.26371896266937256
-0.1919754594564438,0.4550999104976654
-0.7664408683776855,-0.2357787787914276
0.17681565880775452,0.4176739752292633
-0.689599871635437,-0.2872150242328644
0.38855424523353577,-0.530852198600769
-0.651633620262146,-0.31101858615875244
-0.10389319807291031,-0.11004194617271423
-0.5164964199066162,-0.15250222384929657
0.5010039210319519,-0.19939056038856506
-0.15239045023918152,0.5613707304000854
-0.8467299938201904,-0.23429067432880402
-0.06346395611763,-0.19351933896541595
-0.5761260390281677,-0.18586738407611847
-0.5033721923828125,0.2267068475484848
-0.5789332985877991,0.3699132204055786
-0.3665875494480133,0.21419769525527954
-0.25723931193351746,0.5782499313354492
-0.19938664138317108,0.3454380929470062
-0.7496691346168518,-0.38277196884155273
0.011282993480563164,-0.6167730093002319
-0.34447935223579407,-0.49119701981544495
0.13185466825962067,0.3561351001262665
-0.6718599200248718,-0.3850911259651184
0.14927273988723755,0.0030847792513668537
0.21315738558769226,0.013041852042078972
-0.838527262210846,-0.3640196621417999
0.3468061089515686,0.191801980137825
-0.1249910518527031,-0.5718325972557068
-0.30677661299705505,0.6388784646987915
-0.34479790925979614,0.5330283045768738
-0.7120275497436523,-0.2655554711818695
-0.6136122345924377,-0.2123352736234665
0.4424833655357361,0.23602551221847534
-0.7987335920333862,0.039157066494226456
-0.357746422290802,0.14527879655361176
0.15525203943252563,0.6464846134185791
-0.5355531573295593,-0.5769175887107849
-0.18812064826488495,0.45081546902656555
0.3250957727432251,0.21727688610553741
-0.4438260495662689,-0.5132463574409485
0.06721663475036621,-0.33547648787498474
-0.1236276775598526,-0.1759927123785019
-0.6064171195030212,-0.4052649438381195
-0.8199693560600281,-0.36687102913856506
-0.15504491329193115,0.31225404143333435
-0.37154677510261536,0.3303360641002655
-0.46194496750831604,-0.2809257507324219
-0.1530359983444214,0.5466170907020569
-0.24769780039787292,0.6211835741996765
-0.747117280960083,-0.4505773186683655
-0.21092599630355835,-0.03879523649811745
0.20005132257938385,-0.08031971752643585
-0.6971080303192139,-0.3571649491786957
0.17490459978580475,0.1992252767086029
0.1778384894132614,0.504912257194519
-0.25473347306251526,0.5333063006401062
-0.7966918349266052,-0.3476411700248718
-0.2508804500102997,-0.7718833088874817
-0.5925360321998596,-0.621675968170166
-0.18779318034648895,0.3040471374988556
-0.6463466882705688,-0.426005482673645
0.27214857935905457,0.2867491543292999
-0.45398205518722534,-0.2300642728805542
0.1283290982246399,-0.278354287147522
-0.5277488827705383,-0.01111926045268774
-0.4333893060684204,0.06413114070892334
0.10517167299985886,-0.09535324573516846
-0.43834924697875977,-0.2864171862602234
0.4476683735847473,-0.037898801267147064
-0.7857874631881714,-0.3599434494972229
-0.39438265562057495,-0.2748175263404846
0.05769701302051544,0.545854926109314
0.11201400309801102,0.33721551299095154
0.25071409344673157,0.25675296783447266
0.43557208776474,0.03250022977590561
-0.704534649848938,-0.2810489237308502
-0.4176315367221832,0.5367736220359802
-0.5980706214904785,-0.16104111075401306
-0.05009856075048447,-0.48427754640579224
0.4902196228504181,0.381045937538147
-0.502609133720398,0.4139341413974762
-0.10539046674966812,0.32173392176628113
-0.6821824908256531,-0.11277048289775848
0.10368534922599792,-0.39594772458076477
-0.5764261484146118,-0.37101632356643677
0.10065753012895584,-0.47013935446739197
-0.2561855614185333,-0.12526322901248932
0.06561329960823059,-0.1699851006269455
-0.4935077428817749,-0.2068135142326355
-0.3813629448413849,-0.17579996585845947
-0.1986938863992691,-0.47373390197753906
-0.04461176320910454,0.4863431751728058
-0.5913306474685669,-0.16540412604808807
0.0070278225466609,-0.24952110648155212
0.4972398281097412,-0.5155249834060669
-0.7692865133285522,-0.35284939408302307
-0.05647287517786026,-0.17916737496852875
-0.05826609954237938,0.36460527777671814
0.03990795835852623,-0.2652747333049774
-0.032604750245809555,-0.3921152353286743
0.05036384239792824,-0.48806172609329224
0.6977408528327942,0.11081626266241074
-0.6991429924964905,-0.32180848717689514
-0.09859177470207214,-0.9374638795852661
-0.7169057726860046,-0.17579223215579987
0.18357855081558228,-0.3443159759044647
-0.45033663511276245,0.1686481237411499
-0.5374601483345032,-0.36250489950180054
-0.4347226023674011,0.07287881523370743
-0.49501296877861023,-0.17409484088420868
-0.9092807769775391,-0.029708197340369225
0.14676715433597565,-0.6683566570281982
0.18987129628658295,-0.35393714904785156
-0.6654113531112671,-0.10529224574565887
-0.5853689312934875,-0.12925395369529724
0.4168950319290161,0.0669855996966362
-0.25554975867271423,-0.7398561835289001
-0.15092149376869202,0.1098669171333313
0.3499965965747833,0.2832071781158447
0.21238188445568085,0.37666139006614685
-0.18582218885421753,-0.50626540184021
-0.4456794559955597,-0.18086178600788116
-0.38534843921661377,0.024583585560321808
-0.5125714540481567,-0.24938437342643738
-0.5730057954788208,0.119127556681633
0.7668966054916382,-0.00192092708311975
0.6301347017288208,0.023799637332558632
-0.6821963787078857,-0.2103729546070099
-0.4638438820838928,-0.3000847101211548
-0.7158865332603455,-0.1493305265903473
0.10590746998786926,0.3271777033805847
-0.5177890658378601,-0.26795950531959534
-0.381693959236145,-0.23197592794895172
0.16389460861682892,0.6232444643974304
0.07993743568658829,0.34220266342163086
-0.5608468651771545,-0.3341609239578247
-0.04264077544212341,0.3450518846511841
-0.18404680490493774,0.5182201862335205
-0.44661664962768555,0.5732425451278687
-0.70504230260849,-0.22068294882774353
0.6505734324455261,-0.22655975818634033
-0.20676332712173462,0.6136446595191956
0.33247411251068115,-0.34128338098526
0.4860203266143799,0.16065643727779388
-0.5359548330307007,0.14256203174591064
-0.572100818157196,0.40095627307891846
0.21639209985733032,0.2636744976043701
0.5107304453849792,0.007948393002152443
0.0028546962421387434,-0.557826042175293
0.5649482607841492,0.481609046459198
-0.018350055441260338,0.4791441261768341
-0.2568657100200653,0.4514937102794647
-0.4247340261936188,-0.3591340482234955
-0.6549491882324219,0.2819805443286896
-0.06815539300441742,-0.8261941075325012
-0.5782930850982666,-0.34934285283088684
-0.5231203436851501,-0.16495834290981293
-0.7774535417556763,-0.3107185959815979
-0.2955187261104584,0.13031353056430817
-0.027304036542773247,-0.08173137158155441
0.07348345220088959,-0.1647760570049286
-0.24953144788742065,0.4730694591999054
-0.6562209129333496,-0.37690120935440063
0.07410723716020584,-0.04679059609770775
-0.6742676496505737,-0.2355225384235382
-0.32776662707328796,0.5406575202941895
-0.29811763763427734,0.48194220662117004
-0.5916539430618286,-0.13762375712394714
0.36613762378692627,-0.3747180998325348
0.329990416765213,-0.3406933844089508
-0.7506468892097473,-0.10521341115236282
-0.32977020740509033,-0.052662771195173264
-0.0022413788828998804,0.3897876739501953
-0.4986003637313843,0.45174768567085266
0.5420743227005005,0.2439560741186142
-0.8158170580863953,-0.24064941704273224
0.5111318826675415,0.17509663105010986
-0.39626947045326233,0.6564672589302063
-0.7740315794944763,-0.28366437554359436
0.4754143953323364,-0.4908720552921295
0.46316754817962646,-0.15930721163749695
-0.6268569231033325,0.6086544394493103
-0.6467834711074829,-0.31250670552253723
0.24050933122634888,0.41990965604782104
-0.46764257550239563,-0.1641889065504074
0.049350522458553314,0.6199020147323608
-0.786810040473938,-0.24654120206832886
0.22597330808639526,-0.0022525559179484844
0.5753641724586487,-0.20949484407901764
-0.5788385272026062,0.18769876658916473
-0.6469993591308594,-0.1485898643732071
0.30167055130004883,-0.34647804498672485
0.3431200087070465,-0.3158248960971832
-0.44369953870773315,-0.21905893087387085
0.1519685685634613,0.3418397605419159
-0.6278953552246094,-0.19239318370819092
-0.8183178901672363,-0.1609295755624771
-0.2980649769306183,0.16462910175323486
-0.054984766989946365,0.4663108289241791
-0.8352723121643066,-0.14369460940361023
0.7208366990089417,-0.32970812916755676
-0.3934818506240845,0.3367936313152313
0.11753148585557938,0.1801118552684784
0.3011709153652191,-0.5256339907646179
0.4459889531135559,-0.38038885593414307
-0.47401297092437744,-0.15957558155059814
-0.4885619580745697,-0.08280723541975021
0.7077600955963135,0.0816776305437088
-0.39467743039131165,0.49575409293174744
0.0025800231378525496,-0.13651114702224731
-0.5337530374526978,-0.062175728380680084
-0.3830529451370239,-0.5969452857971191
-0.5760670304298401,-0.15979033708572388
-0.8449377417564392,-0.16457724571228027
-0.12912197411060333,-0.939180850982666
0.37178683280944824,-0.48596635460853577
-0.6337246894836426,0.03866978734731674
0.35868197679519653,0.10967857390642166
-0.6836967468261719,-0.0053126029670238495
-0.3943933844566345,-0.78543621301651
-0.2671157419681549,0.6919471621513367
-0.42610347270965576,-0.06811508536338806
-0.44248872995376587,0.7824223041534424
-0.14786453545093536,-0.4445052444934845
-0.7519432306289673,-0.13036251068115234
-0.807468056678772,-0.045831382274627686
-0.309213250875473,-0.6864969730377197
0.10891888290643692,-0.34965962171554565
-0.15510150790214539,-0.8481359481811523
-0.02200487069785595,-0.178700789809227
-0.5021732449531555,0.05886669456958771
-0.7536489367485046,-0.022312123328447342
-0.07660022377967834,-0.7597796320915222
0.5738353133201599,0.25343525409698486
-0.4200267791748047,-0.37070930004119873
0.31993570923805237,0.20156987011432648
-0.19573895633220673,-0.5751997232437134
-0.4818737208843231,-0.11028333008289337
0.12520377337932587,0.12301269173622131
0.1558258831501007,-0.17086678743362427
-0.3659409284591675,-0.5271275639533997
0.44561415910720825,0.11541816592216492
0.017053265124559402,-0.7393496632575989
0.1828465759754181,-0.44448503851890564
0.5924650430679321,0.07603482156991959
-0.5537272095680237,0.021650411188602448
-0.683509111404419,0.13108237087726593
-0.7364032864570618,0.020806772634387016
-0.6758108139038086,0.1511358767747879
0.1557076871395111,0.3856425881385803
0.06983589380979538,-0.18330363929271698
-0.43517613410949707,0.15714015066623688
0.05246158316731453,-0.4681101143360138
0.25499802827835083,-0.18796856701374054
-0.09272875636816025,-0.8538584113121033
0.6457889080047607,-0.3252943456172943
-0.328869491815567,0.7350953221321106
0.5399723052978516,0.21129947900772095
0.41298016905784607,0.1522521674633026
-0.5293457508087158,0.1854775995016098
-0.5775933265686035,0.015971578657627106
0.16125157475471497,-0.29803726077079773
-0.2958672344684601,0.07823505997657776
0.4205920696258545,-0.4183650612831116
-0.6388434767723083,-0.0038385246880352497
-0.5191223621368408,0.03312068060040474
-0.5487404465675354,0.12071305513381958
0.5991247296333313,0.5222119092941284
-0.5898546576499939,0.1017599031329155
-0.48283424973487854,0.7473483681678772
0.07758951932191849,-0.6359524130821228
0.48735588788986206,0.10649997740983963
0.42737826704978943,-0.42509251832962036
-0.10179581493139267,-0.01574232615530491
0.38786792755126953,0.13859723508358002
-0.07783601433038712,-0.2576678395271301
-0.13691578805446625,-0.48451676964759827
-0.5690999627113342,0.2771168351173401
-0.3709288239479065,-0.16544276475906372
-0.5961416959762573,-0.2544962465763092
-0.14930543303489685,-0.43203699588775635
-0.0666312575340271,0.607178807258606
0.4228329658508301,0.6858318448066711
-0.35540705919265747,0.12775632739067078
-0.14141815900802612,-0.05062947794795036
-0.5552830100059509,-0.4299701750278473
-0.7380508184432983,0.2405727207660675
-0.48196908831596375,0.09566573053598404
-0.3945651948451996,0.007968725636601448
-0.01817859336733818,-0.28183525800704956
0.3617820739746094,-0.41110193729400635
0.13226179778575897,-0.6758694052696228
0.08827418088912964,0.22290708124637604
-0.29938769340515137,-0.5136458873748779
-0.44020989537239075,0.19958437979221344
-0.6637668013572693,0.3232361972332001
0.5060127377510071,-0.18201838433742523
-0.6106235384941101,0.034131620079278946
0.1251562088727951,0.006575860548764467
-0.5005524158477783,0.18773706257343292
0.4114229679107666,0.26449233293533325
-0.18140816688537598,-0.39386945962905884
-0.4203031063079834,-0.500552773475647
-0.4003864824771881,0.3231199085712433
-0.5132037997245789,-0.49011796712875366
-0.328416109085083,0.4048199951648712
-0.31325510144233704,0.2111748605966568
-0.3275226354598999,0.10383956879377365
-0.1477910429239273,0.44619929790496826
0.20204941928386688,0.35854437947273254
0.7587836384773254,0.1987382471561432
0.3577074110507965,-0.03755682706832886
0.05796597898006439,0.5884882211685181
-0.07690664380788803,0.40078362822532654
-0.09200271219015121,0.4102259576320648
-0.6537968516349792,0.299892783164978
-0.3808596134185791,0.23492254316806793
0.1225462257862091,-0.3571942150592804
0.05334267392754555,-0.5720617175102234
-0.4204878807067871,-0.6981337070465088
-0.005104636307805777,-0.6506823897361755
-0.5455487370491028,0.3162894546985626
-0.21447058022022247,-0.7269237041473389
0.3608258366584778,0.3850228488445282
-0.5743556618690491,-0.027557305991649628
-0.6219565868377686,0.26331230998039246
0.23696522414684296,0.7127267122268677
-0.3699900507926941,-0.574512243270874
-0.5984765291213989,0.3115620017051697
0.5247623324394226,0.28761860728263855
-0.6261610984802246,-0.1966659426689148
-0.46670323610305786,0.3486190736293793
-0.2986071705818176,0.78123939037323
0.19906535744667053,0.28279268741607666
0.1570318341255188,0.3821757733821869
-0.40195900201797485,0.20375964045524597
-0.060439225286245346,-0.6579514741897583
0.38931334018707275,0.28494203090667725
0.26724085211753845,-0.20886476337909698
-0.4047345221042633,0.24035702645778656
-0.4562504291534424,0.43546968698501587
0.5965132713317871,-0.18348950147628784
0.0875738188624382,0.5306235551834106
-0.42790156602859497,0.11887548118829727
-0.4341435432434082,0.24751421809196472
-0.36802929639816284,0.10074064135551453
-0.09623422473669052,0.6531709432601929
-0.03281687572598457,-0.8160932660102844
-0.47442057728767395,0.2278723567724228
-0.06321128457784653,0.27535155415534973
0.24840779602527618,0.5208081007003784
0.188475102186203,0.5022326111793518
-0.4040500819683075,0.2695876955986023
0.457753986120224,-0.5454015135765076
0.08164754509925842,0.471182644367218
0.17353218793869019,0.5716489553451538
0.6426854729652405,0.34657102823257446
-0.04136289283633232,-0.13396310806274414
-0.21259115636348724,0.18093229830265045
-0.38397255539894104,0.17193135619163513
0.7337724566459656,-0.27039921283721924
0.2998862564563751,0.11678510904312134
0.18012766540050507,-0.43800583481788635
-0.38754817843437195,-0.3502539098262787
-0.7377911806106567,0.0717596709728241
-0.36437565088272095,0.5998701453208923
0.017341969534754753,-0.022033289074897766
-0.4637396037578583,0.275743693113327
0.567166805267334,-0.39267587661743164
-0.19082599878311157,0.12247928231954575
-0.07781817764043808,0.3829643726348877
0.30417400598526,0.5450249910354614
-0.6482555270195007,0.36859241127967834
0.2888234853744507,0.40335461497306824
-0.7616126537322998,0.006062543019652367
-0.0034927460364997387,0.7192829251289368
-0.4037263095378876,0.11146929860115051
0.4727385342121124,-0.0794280469417572
-0.5394359230995178,0.43807706236839294
0.04206229746341705,-0.28417474031448364
-0.03765694797039032,0.5295488834381104
-0.19411993026733398,0.5872111320495605
-0.4811084568500519,0.3928411602973938
0.6096329092979431,0.02482532151043415
-0.513155996799469,0.22437486052513123
-0.5700563788414001,0.31188422441482544
-0.042513903230428696,-0.5780755877494812
0.6591030359268188,-0.07622423768043518
-0.10904598981142044,0.16848616302013397
0.15670888125896454,0.8214260935783386
-0.49846765398979187,0.3240780532360077
-0.4838023781776428,0.6024221181869507
0.521763265132904,0.13846643269062042
0.12463302910327911,-0.585198700428009
0.20023134350776672,0.7554610371589661
-0.20695000886917114,0.11682720482349396
-0.566592276096344,0.28301218152046204
0.494392991065979,-0.44280216097831726
0.06627988815307617,0.2232179045677185
-0.5639461278915405,0.25227972865104675
-0.4816132187843323,0.08648523688316345
0.10732054710388184,-0.8168335556983948
0.5765701532363892,-0.03664660453796387
-0.4225568473339081,0.3112362027168274
-0.24615322053432465,-0.5840967893600464
0.30953121185302734,0.27533775568008423
-0.562649667263031,0.21518151462078094
-0.32470467686653137,-0.42928680777549744
0.43708837032318115,0.06296205520629883
-0.596651017665863,0.22916249930858612
-0.22196510434150696,-0.5248186588287354
0.2638501226902008,-0.19732314348220825
0.5288857221603394,-0.0392412506043911
-0.0017552908975630999,-0.0956679955124855
-0.3561803102493286,0.2980630695819855
0.5526312589645386,0.039290715008974075
-0.4246969223022461,0.5718125700950623
-0.343464732170105,-0.43056410551071167
-0.285521924495697,0.36093392968177795
0.04983637481927872,0.3628658950328827
0.2687402367591858,0.5705324411392212
-0.26870304346084595,0.8756077885627747
-0.31134533882141113,0.2766566574573517
-0.27960076928138733,0.4125812351703644
-0.4159111976623535,0.3492937386035919
0.5585178136825562,-0.13890983164310455
0.1922268271446228,-0.2971145510673523
-0.22681933641433716,-0.45484259724617004
-0.4443471133708954,-0.4461407959461212
-0.4188988208770752,-0.4396769404411316
-0.19541232287883759,0.5330713391304016
-0.18458805978298187,0.6418023705482483
-0.2807074189186096,0.25890183448791504
-0.5644254088401794,-0.47505897283554077
-0.3764456808567047,-0.5100871324539185
-0.5046358108520508,0.2933990955352783
0.355132132768631,0.48055148124694824
-0.8748346567153931,0.06775349378585815
-0.33273857831954956,0.14004336297512054
-0.0026287746150046587,-0.09439831227064133
0.06103803589940071,0.02946336939930916
-0.7151064872741699,0.04475730285048485
0.5533910989761353,-0.26241612434387207
-0.394701212644577,-0.5383230447769165
0.41962629556655884,-0.3280162215232849
-0.389189213514328,0.16097702085971832
-0.41929349303245544,0.16987000405788422
0.37720608711242676,-0.1798296868801117
0.0947100818157196,9.988107194658369e-05
-0.15512850880622864,0.06406787782907486
-0.43394187092781067,-0.14656275510787964
-0.26691919565200806,0.09072519093751907
-0.0291475560516119,0.569165050983429
-0.7521643042564392,0.2766200304031372
-0.6145726442337036,-0.39100122451782227
0.048945531249046326,-0.45140501856803894
0.12676334381103516,-0.6746840476989746
-0.30966058373451233,0.2750858962535858
0.08901020884513855,-0.32994213700294495
-0.39041954278945923,0.11416822671890259
-0.4089159667491913,-0.3334808945655823
0.08345016092061996,-0.2701873481273651
-0.08395836502313614,-0.019442088901996613
-0.5127192735671997,-0.38980478048324585
-0.3425503373146057,0.27055248618125916
-0.06632281839847565,0.5395167469978333
0.36241084337234497,0.21929804980754852
0.3819226324558258,-0.20632991194725037
-0.35856008529663086,0.012265395373106003
0.48095542192459106,0.6189783215522766
0.4442063271999359,0.37426233291625977
0.5226930975914001,0.324289470911026
0.0380670540034771,0.3766573369503021
-0.16389200091362,0.18531042337417603
0.5110557675361633,0.3832687735557556
-0.3557049036026001,0.03483530879020691
0.37098824977874756,-0.4161166846752167
0.0377788245677948,0.4712321162223816
0.26914000511169434,0.7647252678871155
0.08405990898609161,0.06980367004871368
-0.0425143763422966,-0.11861923336982727
0.06084422022104263,-0.4167415201663971
0.7588975429534912,0.3121515214443207
0.007823541760444641,0.7603514194488525
-0.2452148050069809,0.12799343466758728
0.0021272290032356977,0.6182292103767395
-0.3078692555427551,-0.008685966953635216
-0.3317500948905945,-0.5278173685073853
0.5621321201324463,-0.1895836591720581
-0.11912363767623901,0.061506643891334534
0.11678308993577957,-0.12775050103664398
-0.18691743910312653,0.05872519314289093
-0.33700087666511536,-0.45597076416015625
-0.22504252195358276,0.46558693051338196
0.14227131009101868,-0.02921057678759098
-0.34839504957199097,0.15802648663520813
0.31832215189933777,0.22722789645195007
-0.289113849401474,0.35209921002388
0.36154094338417053,-0.2741457223892212
-0.03680058568716049,-0.5966469645500183
-0.3969505727291107,0.148353710770607
-0.16742493212223053,0.0640990361571312
0.4748477041721344,0.521328866481781
-0.21794109046459198,0.09037821739912033
0.5017687082290649,0.16887974739074707
-0.2680119574069977,0.022698568180203438
0.0475914292037487,0.19881029427051544
-0.17765049636363983,-0.04124767333269119
-0.28523752093315125,0.6005904674530029
0.09712459146976471,-0.5284693241119385
-0.35462716221809387,-0.18455787003040314
0.03643162176012993,0.5102506279945374
0.6728281378746033,0.2618989944458008
0.5903981924057007,0.5990791916847229
0.07859902828931808,-0.8297641277313232
-0.1568162590265274,0.10961103439331055
0.022292504087090492,0.6430763006210327
-0.2743876874446869,-0.8564200401306152
-0.10439462214708328,-0.5605623126029968
-0.321097195148468,0.15174990892410278
-0.05627121031284332,0.40206828713417053
-0.21691623330116272,-0.06759784370660782
0.06902685761451721,-0.0033099872525781393
0.787126362323761,-0.044263605028390884
0.4305054843425751,0.48780903220176697
-0.2313648760318756,-0.6740936636924744
-0.26061397790908813,-0.454969584941864
-0.27605095505714417,0.20589900016784668
0.7762954235076904,0.16609306633472443
0.4376198649406433,0.2404012531042099
0.5591157078742981,-0.09105681627988815
-0.20216047763824463,0.022723300382494926
-0.16236381232738495,-0.1018068715929985
-0.00647419597953558,-0.8583624958992004
-0.039017707109451294,0.031784892082214355
-0.12418677657842636,0.11432208865880966
0.7506732940673828,0.18285904824733734
0.6393958330154419,0.00045624247286468744
-0.3317863643169403,-0.3581610321998596
0.2196824699640274,0.3414756655693054
-0.5896268486976624,0.5658280253410339
0.42696231603622437,-0.21359971165657043
0.760076642036438,-0.2568066120147705
-0.2135900855064392,0.02463780716061592
-0.7858042120933533,0.03990902751684189
-0.2265821099281311,0.02113768830895424
-0.08565039932727814,-0.4779895544052124
-0.11869022250175476,-0.05954623967409134
-0.32380157709121704,-0.33012333512306213
0.7189275622367859,0.0601247176527977
-0.18352492153644562,0.15195561945438385
0.6796966195106506,-0.13510984182357788
-0.20868568122386932,-0.10811971127986908
0.32776543498039246,-0.4722979962825775
-0.11631982773542404,-0.013823183253407478
-0.2825683057308197,-0.042693331837654114
-0.10616442561149597,0.30174440145492554
-0.04964778944849968,-0.7411403656005859
-0.11762993782758713,0.0445670522749424
0.7706723809242249,-0.2900054156780243
-0.601902961730957,0.29477056860923767
0.619463324546814,-0.4760230779647827
-0.39943748712539673,-0.4600922763347626
0.00556218670681119,-0.5964931845664978
-0.039787862449884415,0.24693942070007324
0.17488795518875122,-0.793596625328064
-0.09427168220281601,-0.5234130620956421
-0.4091857671737671,0.7659542560577393
0.5536648035049438,0.4582899212837219
0.011396905407309532,0.09393945336341858
-0.07627882063388824,-0.02744494006037712
-0.18339091539382935,0.774183988571167
-0.08878879994153976,0.0853903517127037
0.4901432991027832,-0.4034404456615448
0.09351484477519989,-0.5115921497344971
0.22289150953292847,-0.614896297454834
0.2048836648464203,0.7498541474342346
-0.5035566091537476,-0.5792061686515808
0.7190573811531067,0.20291350781917572
0.1120639443397522,-0.06138179451227188
0.28707578778266907,-0.30098041892051697
-0.019368603825569153,-0.03197121620178223
0.35463273525238037,-0.2666509449481964
-0.6489903330802917,0.13282862305641174
-0.07207833975553513,-0.001951604732312262
-0.6209808588027954,-0.09820021688938141
-0.2930085062980652,0.676605224609375
-0.39527302980422974,0.7477849721908569
0.6426024436950684,-0.16631411015987396
0.1587357521057129,0.6896058917045593
-0.7156099677085876,0.3133884072303772
-0.5186306834220886,0.44430893659591675
0.09099641442298889,-0.06926026940345764
0.11999902129173279,-0.08562292903661728
-0.36178863048553467,-0.06037822738289833
0.4516013264656067,-0.27343323826789856
-0.12346132844686508,0.4331764876842499
0.07654885202646255,-0.07505159080028534
-0.13114812970161438,-0.5987904667854309
-0.18426238000392914,0.7074853181838989
0.40381062030792236,0.5083393454551697
0.2621186077594757,-0.35180026292800903
0.10536477714776993,-0.14169569313526154
-0.04853768274188042,0.7967060208320618
0.4419853985309601,0.28602123260498047
0.6880699992179871,-0.22454632818698883
0.2105400264263153,-0.10062815994024277
0.5750887989997864,0.12386548519134521
-0.3647865951061249,-0.6412473917007446
0.17711862921714783,-0.12079331278800964
0.01818525232374668,0.44432511925697327
0.22006511688232422,-0.2522483468055725
0.7068611979484558,-0.3239412009716034
0.4054282009601593,-0.4909535050392151
0.18927034735679626,-0.24168674647808075
0.07386133819818497,0.43112820386886597
0.24809840321540833,-0.2541050612926483
0.2604513168334961,-0.2809750735759735
0.3853730261325836,0.2295907884836197
-0.05675266310572624,-0.08009368181228638
0.3833927810192108,-0.12464408576488495
-0.5209903717041016,-0.06965242326259613
0.06954124569892883,-0.4862217605113983
0.34244486689567566,-0.014095240272581577
0.37177613377571106,-0.2768104076385498
0.4008465111255646,-0.28568482398986816
0.815668523311615,0.22427189350128174
0.12682755291461945,-0.6211655139923096
-0.08095860481262207,0.5394344925880432
0.6381803750991821,-0.4988669455051422
0.438037246465683,-0.17638176679611206
-0.22047783434391022,-0.36955246329307556
-0.03210106119513512,0.5671671628952026
0.3893870711326599,-0.30238887667655945
0.3223823308944702,-0.32035449147224426
-0.37970468401908875,0.3842240571975708
0.4970681369304657,-0.24119898676872253
0.44242796301841736,-0.27220040559768677
-0.3485983610153198,-0.7901804447174072
0.1987842619419098,-0.27220088243484497
0.2759269177913666,-0.18023337423801422
-0.08790497481822968,-0.3904421329498291
-0.6035674214363098,-0.5617634654045105
-0.3824491500854492,-0.1392427682876587
0.5113920569419861,-0.2962159812450409
0.4333040714263916,-0.4347839653491974
0.22670768201351166,-0.35167092084884644
0.24251575767993927,-0.1699841469526291
0.5805853605270386,-0.32414236664772034
0.02449226565659046,-0.33813047409057617
0.21364465355873108,-0.4549630284309387
0.15458664298057556,-0.10468285530805588
0.49876540899276733,-0.23853062093257904
-0.25573644042015076,-0.45621082186698914
0.6601118445396423,-0.3576905131340027
0.101413294672966,0.6307057738304138
0.09955836087465286,-0.33475247025489807
-0.6625723838806152,0.32627400755882263
0.5289661288261414,-0.3454897999763489
0.1589210033416748,0.6205593347549438
0.8403924107551575,0.4104316532611847
0.745693027973175,-0.1650405079126358
0.5391915440559387,-0.4308629333972931
0.44462984800338745,0.6762537360191345
0.3922172784805298,-0.3460848331451416
0.5243563652038574,-0.4024854004383087
-0.3611299991607666,-0.08174088597297668
0.6332535743713379,-0.5045816898345947
0.6556930541992188,-0.2844941020011902
0.022303443402051926,0.36511918902397156
0.5933302044868469,-0.3445425033569336
-0.04135706648230553,0.5037731528282166
0.46732473373413086,-0.4120333194732666
0.47905221581459045,0.5167693495750427
0.6991744041442871,-0.4386516213417053
0.08516859263181686,0.36371704936027527
0.5117219090461731,-0.24526260793209076
-0.35945555567741394,-0.4310106039047241
0.5575002431869507,-0.5433961749076843
0.4729868173599243,-0.559539258480072
0.9553948044776917,-0.04289654269814491
0.23587414622306824,0.24819982051849365
0.595691442489624,-0.48647552728652954
0.3351809084415436,-0.47121238708496094
0.17033836245536804,-0.8983757495880127
0.2507454752922058,-0.1696452647447586
-0.1179475337266922,0.6394672989845276
0.690957248210907,-0.5053460001945496
0.7838326096534729,0.3597605526447296
0.5202714800834656,-0.5124890804290771
0.44895851612091064,-0.26145997643470764
0.5487392544746399,-0.2536745071411133
0.33390599489212036,-0.09816751629114151
0.11141756922006607,0.6365222334861755
-0.3485574722290039,-0.030221158638596535
0.2381264567375183,-0.302193284034729
0.4499000012874603,-0.3071138560771942
0.2886018455028534,0.6696018576622009
0.32685914635658264,-0.14616024494171143
0.6590999960899353,-0.3352587819099426
0.33352312445640564,0.3507360816001892
0.5603278279304504,0.32053297758102417
-0.3271652162075043,-0.44773995876312256
0.6552100777626038,-0.5270276069641113
0.44777897000312805,-0.2779257297515869
-0.6580734252929688,-0.12622351944446564
-0.16598914563655853,-0.5562442541122437
0.6261760592460632,0.29282882809638977
0.48078230023384094,-0.21252766251564026
0.5662448406219482,-0.3450016975402832
-0.4215676784515381,0.4689781367778778
0.11932387202978134,0.57044517993927
0.29581302404403687,-0.2616862654685974
0.21194715797901154,-0.6555902361869812
0.49614304304122925,-0.36605438590049744
-0.2963199019432068,-0.4164336621761322
0.5932738184928894,-0.42215293645858765
0.5549047589302063,-0.3012692630290985
0.6110764145851135,-0.40759289264678955
-0.11768867820501328,-0.7077009081840515
0.49263864755630493,0.19633205235004425
0.25872740149497986,-0.36732998490333557
-0.49137479066848755,0.029286200180649757
-0.0891607403755188,-0.47664886713027954
-0.16256560385227203,0.632666826248169
0.23968461155891418,-0.2199651151895523
0.500605583190918,-0.3221066892147064
0.17956428229808807,0.5226442217826843
-0.508396327495575,-0.10057584196329117
-0.3219914734363556,-0.6271882057189941
0.500209391117096,-0.07500807195901871
0.5980847477912903,-0.2708357274532318
0.46909216046333313,0.7062996029853821
0.5415042638778687,-0.5019034743309021
0.17690864205360413,0.5777043700218201
-0.41990500688552856,0.6475695371627808
0.8112024068832397,0.4028922915458679
-0.43880215287208557,-0.04478940740227699
-0.1495615541934967,-0.6777149438858032
-0.6360148191452026,0.4569350779056549
0.4755187928676605,-0.5458784699440002
0.24117925763130188,0.13790448009967804
0.5920628905296326,-0.5714291334152222
0.20534002780914307,0.15149830281734467
0.2006094604730606,-0.19085334241390228
0.05818500369787216,-0.20062968134880066
0.40923890471458435,0.35719218850135803
0.20741064846515656,-0.9482734799385071
0.30517661571502686,-0.3666130006313324
0.17322303354740143,-0.033554807305336
0.5380310416221619,-0.5804579854011536
-0.02105266973376274,0.3473096787929535
-0.36031976342201233,-0.36306923627853394
0.29940348863601685,-0.12768273055553436
0.21229174733161926,0.7709554433822632
-0.2757728397846222,-0.8330826759338379
0.3978327214717865,0.02068536914885044
0.417011559009552,0.02049904316663742
-0.45708218216896057,0.021411528810858727
0.2435017228126526,-0.15236690640449524
-0.03148679435253143,0.32379886507987976
0.1446346938610077,-0.2607620060443878
0.4978952407836914,0.20126427710056305
0.4219987094402313,-0.48813366889953613
0.5347378253936768,0.45622119307518005
0.7577370405197144,0.49914175271987915
0.5553598999977112,-0.49946969747543335
0.5843760967254639,-0.5301481485366821
0.4288034737110138,0.23697414994239807
-0.22393585741519928,-0.27279552817344666
0.3594094216823578,-0.4218725562095642
0.7745722532272339,-0.03577608987689018
-0.6258327960968018,-0.12576548755168915
0.31274405121803284,-0.5284479260444641
0.22603419423103333,0.13226573169231415
0.17414502799510956,-0.24039994180202484
0.012442328035831451,-0.049324363470077515
0.6485848426818848,0.17401957511901855
0.4603002369403839,0.7407288551330566
0.424239844083786,-0.39593639969825745
0.5702493190765381,0.10515063256025314
0.01982092298567295,-0.7035621404647827
0.7249810695648193,-0.0763637125492096
0.11345371603965759,-0.563854455947876
0.11093386262655258,-0.5404025912284851
0.28328078985214233,-0.4637553095817566
0.4664127230644226,0.4244568645954132
0.359122633934021,0.34478434920310974
0.1849081665277481,0.7512444257736206
0.5529137849807739,0.03418750688433647
0.5412733554840088,-0.44683724641799927
0.3777609169483185,0.48968347907066345
0.43504342436790466,-0.48182356357574463
0.20972885191440582,-0.5557541847229004
-0.1743084043264389,0.26595818996429443
0.29211121797561646,-0.2920648455619812
0.7794159650802612,-0.010833528824150562
0.5067568421363831,-0.602194607257843
0.4712669551372528,-0.6388612389564514
-0.5571281909942627,0.1702217161655426
0.38086673617362976,-0.2680610418319702
0.017408082261681557,-0.38702988624572754
0.37986674904823303,-0.34643441438674927
0.25530219078063965,-0.678710401058197
0.08043898642063141,-0.9392222762107849
0.5148962140083313,0.100881427526474
0.395865797996521,0.16552802920341492
-0.4850955009460449,-0.5487982034683228
0.33065104484558105,-0.39128968119621277
0.789315402507782,0.07518607378005981
0.6548799872398376,-0.23505939543247223
-0.23443062603473663,0.6219697594642639
0.068985715508461,-0.4326699376106262
0.4013918340206146,-0.5421335101127625
0.4640790820121765,-0.4937221109867096
0.18886511027812958,-0.7955648303031921
0.31196165084838867,0.538978099822998
-0.3943299949169159,0.08696252107620239
-0.14363409578800201,-0.589377760887146
0.33904534578323364,-0.414855420589447
0.4610108435153961,-0.3019292950630188
-0.5058064460754395,-0.2277946025133133
-0.19761255383491516,0.622868001461029
0.3729238212108612,-0.4737868010997772
-0.14201268553733826,-0.7756873369216919
0.3484684228897095,-0.20938259363174438
-0.35263869166374207,0.4545305669307709
0.3764401078224182,-0.13042029738426208
0.049833521246910095,0.26731371879577637
0.39121606945991516,-0.3193684220314026
-0.3554784059524536,0.5080268979072571
-0.0615609847009182,-0.07146871089935303
0.12860900163650513,0.2700193226337433
0.16567035019397736,-0.40117552876472473
0.29205772280693054,0.44221025705337524
-0.5501337647438049,0.335109680891037
0.7842209935188293,0.18940910696983337
0.4779670834541321,0.36699312925338745
0.7356297969818115,-0.17923027276992798
0.285818487405777,-0.39533641934394836
-0.333040714263916,-0.14440520107746124
-0.2213490605354309,-0.8494675755500793
0.11902066320180893,0.3116711676120758
-0.06133613362908363,0.6218106746673584
0.19883087277412415,-0.30977150797843933
-0.2178194522857666,-0.6080077290534973
0.15624062716960907,-0.16940923035144806
0.5213444828987122,0.08909070491790771
0.14709199965000153,0.5399345755577087
0.14866749942302704,-0.2596874535083771
-0.1762688010931015,0.3688235878944397
0.2019217163324356,-0.20225632190704346
0.03888465091586113,-0.20582528412342072
0.317655086517334,0.3502238094806671
-0.07235254347324371,0.46279430389404297
-0.0038271097000688314,0.14163194596767426
0.8119596242904663,0.45147421956062317
0.40446150302886963,0.7658374905586243
0.11454051733016968,-0.2799762785434723
0.662971556186676,0.351404070854187
0.887228786945343,-0.014270507730543613
0.2504273056983948,-0.2845490574836731
0.5282096266746521,0.2671582102775574
-0.004147680476307869,0.4734342694282532
-0.004308441188186407,-0.29584166407585144
-0.44518205523490906,-0.23141884803771973
0.29309576749801636,0.49202877283096313
-0.0979701355099678,-0.15542171895503998
0.46061939001083374,0.50538170337677
0.0234149768948555,-0.13984182476997375
0.7133346796035767,0.12439604848623276
-0.1624886691570282,0.6575973629951477
-0.451108455657959,0.5382806062698364
0.04554719477891922,0.6224744319915771
-0.006248036399483681,-0.23482681810855865
-0.3162442743778229,-0.10079046338796616
0.19555144011974335,0.3170352280139923
0.6656431555747986,0.4044337868690491
-0.36167067289352417,-0.14752909541130066
-0.18546928465366364,0.3063955307006836
0.6635606288909912,0.17551185190677643
0.5161720514297485,0.32783880829811096
0.5974940657615662,0.16938818991184235
-0.022228414192795753,-0.4673192799091339
-0.04231865704059601,0.025966700166463852
0.43808409571647644,0.7041176557540894
-0.07613065838813782,0.5519795417785645
-0.30496248602867126,0.6753103137016296
-0.5850144624710083,0.03421105071902275
0.031015213578939438,-0.02752627246081829
0.040940061211586,0.6793331503868103
-0.16651196777820587,0.6116377711296082
-0.2047491818666458,-0.574519157409668
-0.13078926503658295,-0.5509573221206665
-0.2688395380973816,-0.6923991441726685
0.03634696081280708,-0.01081937924027443
0.2362211048603058,-0.003662900533527136
0.3410077691078186,0.10107477009296417
-0.03932424634695053,0.5692287683486938
0.8158544898033142,0.24865952134132385
0.04774339124560356,0.06657632440328598
-0.489422470331192,0.49244922399520874
0.6693494319915771,-0.014618664979934692
0.1925279051065445,0.0022051124833524227
-0.5274989008903503,0.3134904205799103
0.5474857091903687,0.253910630941391
0.11784777045249939,0.02063792571425438
0.19724465906620026,-0.01456265989691019
-0.21690720319747925,0.45465803146362305
0.06654314696788788,0.6855378746986389
0.19110411405563354,-0.12139688432216644
-0.6027554869651794,-0.3049967288970947
-0.343571275472641,0.6298646330833435
0.23543846607208252,-0.051027100533246994
0.417953759431839,0.3437531888484955
0.12754027545452118,0.053673114627599716
0.4031461477279663,0.02426896058022976
0.3774881362915039,-0.03855456784367561
-0.4725128412246704,0.344912052154541
0.4936855137348175,0.5293474197387695
-0.20950447022914886,-0.5774385333061218
0.8615222573280334,0.34860336780548096
0.35371240973472595,0.10719510167837143
-0.4431096613407135,0.0669201985001564
-0.1732238531112671,-0.5305983424186707
-0.08153732120990753,0.745898425579071
0.4695513844490051,0.028416045010089874
0.8891577124595642,0.14315609633922577
-0.26751241087913513,0.6949971318244934
-0.045851949602365494,-0.5617757439613342
0.35385581851005554,0.11681483685970306
-0.2555590271949768,-0.6743005514144897
0.384218692779541,0.5389792919158936
0.4971568286418915,0.08373898267745972
-0.4162467420101166,0.34773534536361694
0.5430198311805725,-0.011748154647648335
-0.04822222515940666,0.7630151510238647
-0.270417183637619,-0.5617488622665405
0.5233929753303528,-0.04397561401128769
-0.5794103145599365,-0.45964568853378296
0.09349153935909271,-0.6112546920776367
-0.07419712841510773,-0.4141080975532532
0.26356902718544006,0.007128297816962004
0.5787584781646729,-0.22031481564044952
-0.12734265625476837,0.4468342661857605
-0.06681282818317413,-0.6940456032752991
0.5670795440673828,0.12834492325782776
0.6939442157745361,0.11958605796098709
-0.05409475415945053,0.6700313687324524
0.6429944038391113,0.10757774114608765
0.5885071158409119,0.1980956792831421
-0.8472668528556824,-0.026298804208636284
0.7759907841682434,0.1302657276391983
-0.006187632214277983,0.7840522527694702
0.2826448678970337,0.15280435979366302
-0.08547834306955338,0.6364337205886841
0.6562588214874268,0.06169641762971878
-0.17731505632400513,-0.7329975962638855
0.32824939489364624,0.21707332134246826
-0.4095548391342163,-0.5946985483169556
-0.5634753704071045,0.4794808626174927
0.8207691311836243,0.1472925990819931
-0.38194069266319275,-0.03697359561920166
0.7190031409263611,0.262399822473526
0.30169767141342163,-0.15273384749889374
0.26605677604675293,0.23971492052078247
0.8428816199302673,0.18150091171264648
0.24224084615707397,0.09135491400957108
0.875948429107666,0.09670021384954453
0.09236002713441849,0.6729381084442139
0.2594957649707794,-0.5090506672859192
-0.308499813079834,-0.14432814717292786
0.6168329119682312,0.24197033047676086
0.8568093180656433,0.3718157410621643
0.9031769633293152,0.2632369101047516
-0.06235753744840622,0.21265190839767456
0.7388759255409241,0.3781750500202179
0.8391132354736328,0.1490628719329834
0.5447342395782471,0.3657398819923401
0.27946415543556213,0.532934844493866
0.22606392204761505,-0.11500924825668335
-0.2883930504322052,0.45545685291290283
0.34636497497558594,0.784390926361084
0.5897209048271179,0.30035582184791565
0.6436479091644287,0.20413990318775177
0.24460850656032562,-0.5214461088180542
0.8179277777671814,0.31415867805480957
0.8126095533370972,0.23213300108909607
-0.0020480374805629253,-0.3748675584793091
0.5034336447715759,0.7628627419471741
0.41566649079322815,0.17895299196243286
0.6713670492172241,0.4059969484806061
0.8476397395133972,0.288358211517334
-0.5884460210800171,-0.005782519467175007
0.09614671021699905,0.5107257962226868
0.8277943134307861,0.29048803448677063
0.39437589049339294,0.21460957825183868
0.5411829948425293,0.265968918800354
0.2665102779865265,0.4888520836830139
-0.3815881311893463,-0.24583953619003296
-0.36518481373786926,0.7524753212928772
0.12536025047302246,-0.3653508126735687
0.6606593132019043,0.3827952742576599
0.1853671371936798,-0.35937994718551636
-0.36356019973754883,-0.22516249120235443
0.6944581270217896,0.3495548665523529
0.3927580416202545,0.43990108370780945
0.7972692847251892,-0.12767986953258514
0.018795238807797432,0.5535053610801697
0.521793007850647,0.10950782150030136
-0.16486571729183197,0.4720076322555542
0.7917824387550354,0.5321776270866394
0.39656519889831543,0.29526782035827637
0.3883242905139923,0.3208140730857849
0.599888801574707,0.19946737587451935
0.0649198442697525,0.7480855584144592
0.0553569421172142,0.4902028739452362
-0.2526369094848633,-0.6807514429092407
0.7001893520355225,0.2751508355140686
0.04528488963842392,-0.5701150894165039
0.552581787109375,0.2790086269378662
0.5786303281784058,0.209799125790596
0.2554819881916046,0.5170908570289612
0.5280383825302124,0.09255848079919815
-0.3217938542366028,0.5553578734397888
-0.12260948121547699,-0.7389751076698303
0.4169221520423889,0.5780059099197388
0.6098988056182861,0.4161168038845062
0.1944289654493332,-0.061587143689394
-0.20797283947467804,0.5596137642860413
0.6532875895500183,0.35287708044052124
-0.6288199424743652,0.09079010784626007
0.4224526882171631,0.3714849352836609
0.6008471846580505,-0.02928762696683407
0.37010931968688965,-0.4105339050292969
-0.5880099534988403,0.34717103838920593
0.6548281311988831,0.3445788621902466
0.4918222427368164,0.05238036811351776
-0.33762216567993164,-0.20925560593605042
-0.5989430546760559,0.03773399814963341
0.21757830679416656,-0.6443052291870117
0.03324802964925766,0.4302944242954254
0.18846939504146576,0.4057346284389496
0.4151237905025482,0.36285093426704407
-0.7278363108634949,-0.0776105672121048
0.6113520860671997,0.2205284833908081
0.577826738357544,0.22058913111686707
-0.12026584893465042,0.5690758228302002
0.4472883641719818,0.3155016005039215
-0.10525918751955032,0.17782266438007355
-0.4476779103279114,0.30536770820617676
0.29891669750213623,0.5900508761405945
0.5447297096252441,0.4309479296207428
0.33061349391937256,0.44653674960136414
0.8769524693489075,-0.04024529457092285
-0.17115917801856995,-0.6364396810531616
0.1688912808895111,0.5641588568687439
0.3436867296695709,0.47909417748451233
0.46572616696357727,0.5428249835968018
-0.15606547892093658,0.8392329812049866
-0.47591108083724976,-0.14374646544456482
0.13913576304912567,-0.35082608461380005
0.303085058927536,0.31617292761802673
0.5881468057632446,0.2177349030971527
-0.5129699110984802,0.4842687249183655
0.4527159631252289,0.4165341556072235
0.02117050625383854,0.40839406847953796
0.47700750827789307,0.5078356862068176
0.16881375014781952,-0.6548178195953369
0.23471148312091827,0.13918320834636688
0.10561234503984451,-0.6683262586593628
0.32848531007766724,0.4389650523662567
0.4400222599506378,0.582007110118866
0.30561158061027527,0.4641667306423187
-0.46175113320350647,0.08473493903875351
-0.38445234298706055,0.8014103770256042
-0.15285798907279968,0.4543493688106537
0.3018229901790619,0.34237411618232727
-0.2940747141838074,-0.4496801495552063
0.044376447796821594,0.565865159034729
0.30651646852493286,0.5954309105873108
0.2836451232433319,-0.02579333446919918
0.23621563613414764,0.4618813395500183
0.31342989206314087,0.4390054941177368
-0.2558477520942688,0.7678127884864807
-0.05751746520400047,0.7224774956703186
-0.23744560778141022,0.7857607007026672
0.6594604849815369,-0.12354717403650284
0.3624446392059326,0.3873196542263031
0.0116977384313941,0.3663848042488098
0.3119281232357025,0.6453502774238586
0.1308891475200653,-0.7477291822433472
-0.11197904497385025,-0.5083813071250916
0.08519569784402847,0.7145338654518127
0.29180800914764404,0.504374086856842
0.351866751909256,0.34714606404304504
0.043081559240818024,0.7831697463989258
0.15477190911769867,0.5776637196540833
0.23409554362297058,-0.8219623565673828
0.16057808697223663,0.6405752301216125
0.05039309337735176,0.5532692074775696
-0.4432714879512787,0.3991919457912445
0.139690101146698,0.6458901166915894
0.0375695526599884,0.35695913434028625
-0.017662303522229195,0.385534405708313
-0.2854712903499603,-0.6903736591339111
-0.14448225498199463,0.5788316130638123
-0.029389172792434692,0.7330648899078369
0.09910794347524643,0.5728694200515747
-0.233403280377388,0.8704577088356018
-0.08960556983947754,0.6385264992713928
-0.04390094056725502,0.8373590111732483
-0.7363849878311157,0.06534469127655029
-0.0752439796924591,0.7247811555862427
-0.7483934164047241,0.12524336576461792
-0.13938190042972565,-0.3293702006340027
0.08818523585796356,0.1224340945482254
-0.07085218280553818,0.7547084093093872
0.1868342012166977,-0.5373163819313049
-0.24863407015800476,0.32092300057411194
-0.07059141993522644,0.5672546625137329
-0.12925894558429718,-0.4323807656764984
-0.06359713524580002,-0.6246601343154907
0.3677839934825897,-0.039744582027196884
0.07026157528162003,0.2826694846153259
-0.3175874352455139,-0.5614373087882996
0.1560988873243332,-0.17367605865001678
-0.13809829950332642,0.45649513602256775
-0.007530794944614172,0.616517961025238
0.3714137077331543,0.10164409130811691
-0.0480368509888649,0.8521193265914917
0.001333650085143745,-0.5111676454544067
0.06110367178916931,0.770733118057251
-0.04164458066225052,0.4665776491165161
0.044639702886343,-0.6313391923904419
-0.6876586079597473,0.19265905022621155
0.10054813325405121,0.7312473058700562
0.19399353861808777,0.4370982348918915
0.6840043663978577,-0.023333169519901276
0.1073419526219368,0.7750270366668701
-0.20298413932323456,0.8114607930183411
-0.3824290335178375,-0.6887336373329163
-0.2445792555809021,-0.6223341226577759
0.1502782106399536,0.9345428347587585
0.1928296834230423,0.8522605895996094
0.10795170068740845,-0.5601817965507507
-0.37670204043388367,-0.12652185559272766
0.23033954203128815,0.6723778247833252
-0.6436771154403687,0.08198131620883942
0.2236943542957306,0.9141594767570496
0.20061850547790527,0.9182610511779785
0.35609814524650574,-0.0826602652668953
0.6524840593338013,-0.2716268002986908
-0.19503253698349,-0.38478076457977295
0.23629388213157654,0.6610808372497559
0.6563265919685364,0.14313183724880219
0.04154529422521591,-0.4076201319694519
0.2986907660961151,0.9197701811790466
0.34468576312065125,0.89261394739151
0.42782866954803467,0.8328438997268677
-0.13703861832618713,0.3664878010749817
0.280258446931839,0.5930929780006409
0.28692930936813354,-0.056916750967502594
-0.34538623690605164,-0.3485068082809448
0.3407994508743286,-0.23484346270561218
-0.21325001120567322,0.43576791882514954
0.04660189151763916,0.48141807317733765
-0.3438854217529297,0.006404635962098837
0.4025963544845581,0.7153851985931396
0.23930077254772186,0.08976775407791138
0.5503473281860352,0.32020053267478943
-0.5148755311965942,0.3556419014930725
0.5643834471702576,0.5652998685836792
0.5654550194740295,0.018959805369377136
0.4900645613670349,0.6523184180259705
0.611549437046051,0.5542763471603394
0.6493375301361084,0.6874240040779114
0.6033511161804199,0.44187018275260925
-0.14311161637306213,0.24248211085796356
-0.4985121190547943,0.3887075185775757
0.4602086842060089,0.3399669826030731
0.13277238607406616,-0.5024556517601013
-0.118892602622509,0.33772608637809753
0.9081724286079407,-0.029768839478492737
-0.01580570451915264,-0.7575443983078003
0.7778664231300354,0.5764256715774536
0.8277336955070496,0.5241626501083374
-0.563727080821991,0.060928285121917725
0.25425440073013306,-0.5307253003120422
0.6594231724739075,0.4239443838596344
0.21310719847679138,-0.7799814939498901
-0.2255721241235733,-0.39493152499198914
-0.03537299856543541,0.6564993858337402
0.6864699721336365,0.27626046538352966
-0.31837818026542664,0.6046239733695984
0.7417465448379517,0.26661503314971924
-0.07278940081596375,-0.6068990230560303
0.1303642988204956,0.40995484590530396
0.7933360934257507,-0.19807937741279602
0.8969905376434326,0.24671897292137146
0.9509058594703674,0.3463933765888214
0.629092812538147,-0.0333847738802433
0.6435853242874146,0.2965615391731262
0.8221135139465332,0.33993297815322876
0.78236985206604,0.3516292870044708
0.8813151121139526,0.17064835131168365
-0.6150115132331848,-0.04775195196270943
-0.13423314690589905,-0.5724644064903259
0.025478234514594078,0.3123249113559723
0.876971960067749,0.14276941120624542
0.023767651990056038,-0.6438730955123901
0.39423295855522156,-0.15474086999893188
0.9443752765655518,0.1459415853023529
0.20600542426109314,-0.5680975914001465
0.29945701360702515,0.07163125276565552
-0.11138439923524857,-0.6307985186576843
-0.12967750430107117,0.6047966480255127
0.11020591855049133,-0.6952254176139832
0.9474561214447021,0.026826390996575356
0.1943635642528534,-0.37634092569351196
0.6800276637077332,-0.10656893998384476
0.7468692660331726,0.01901010237634182
-0.13675692677497864,-0.6792607307434082
0.3918488919734955,0.4438456892967224
0.8954651951789856,-0.06708309799432755
-0.40850013494491577,-0.36240729689598083
-0.23791302740573883,-0.6619690656661987
0.9121608138084412,-0.12418153882026672
-0.11822862923145294,-0.4053719639778137
0.8856588006019592,-0.12683767080307007
-0.16632148623466492,0.8240108489990234
0.8622143268585205,-0.13271982967853546
0.6994209885597229,-0.06605064123868942
-0.1792803406715393,-0.792396605014801
0.8102202415466309,-0.17555037140846252
0.6811458468437195,-0.19117949903011322
0.8330685496330261,-0.25297531485557556
-0.24464750289916992,0.38769349455833435
0.8653739094734192,-0.21454276144504547
0.6967063546180725,-0.3825579285621643
-0.032489173114299774,-0.5327332615852356
0.19787509739398956,-0.5045408010482788
-0.39091429114341736,0.6529619097709656
0.7671301364898682,-0.39986279606819153
0.33296021819114685,-0.07537215948104858
0.8503924608230591,-0.22291183471679688
0.8557593822479248,-0.2991254925727844
0.6799099445343018,-0.16116155683994293
-0.5558023452758789,0.210073322057724
0.81742262840271,-0.25213122367858887
-0.3751756548881531,-0.29840517044067383
0.06117430329322815,-0.2537420392036438
-0.12572386860847473,-0.6681994795799255
-0.49500417709350586,0.3717484176158905
-0.3143423795700073,-0.7171995043754578
0.7731353640556335,-0.136963352560997
0.7346171736717224,-0.0870625227689743
0.7125458717346191,-0.20086023211479187
0.0097957169637084,-0.570669412612915
0.5027399659156799,-0.07802150398492813
0.6077302098274231,-0.1374400407075882
0.405442476272583,0.15569806098937988
0.6480892896652222,0.0755125880241394
0.3035928010940552,-0.4771026372909546
-0.5278293490409851,0.09033802896738052
0.09191341698169708,-0.7012390494346619
-0.18034620583057404,0.5155571699142456
0.5020429491996765,0.144339919090271
-0.2574727237224579,-0.8191007375717163
0.0023557664826512337,0.26407355070114136
0.2683875858783722,0.17371755838394165
-0.24574418365955353,0.5659214854240417
0.005152198486030102,-0.8204739093780518
0.39411547780036926,0.5313541293144226
-0.5219932198524475,0.6393849849700928
0.5149452090263367,0.47650012373924255
-0.266345351934433,-0.39487385749816895
0.2666061222553253,0.2507646381855011
0.2544008791446686,0.3827172815799713
0.45506173372268677,0.5513812303543091
0.1902713030576706,-0.7195227742195129
-0.27259767055511475,0.8625501990318298
0.25284892320632935,0.33177340030670166
-0.7052052021026611,0.10499462485313416
-0.5432175993919373,0.5380967855453491
0.29588553309440613,0.5420684814453125
0.413467675447464,0.4448264241218567
0.2563597559928894,0.37796294689178467
-0.39341917634010315,-0.5868978500366211
0.30890172719955444,0.48884424567222595
-0.3296104967594147,-0.6305536031723022
0.1805105358362198,0.22576677799224854
-0.2618130147457123,0.7543683052062988
0.3018372654914856,0.4008580446243286
0.17555929720401764,0.44119715690612793
0.279619425535202,-0.49736955761909485
-0.5103695392608643,0.28912776708602905
0.14463302493095398,0.28911134600639343
-0.2912132441997528,-0.628300666809082
-0.5437533855438232,-0.5133259296417236
-0.3121841251850128,0.6939628720283508
0.0794152021408081,-0.4383775591850281
0.24407747387886047,0.09435752779245377
0.2269212305545807,0.07988571375608444
0.10985253006219864,-0.029843393713235855
0.04934386536478996,0.8215568661689758
0.11800330132246017,-0.14884407818317413
-0.32364463806152344,-0.7875065803527832
-0.5234681367874146,-0.15764835476875305
-0.6080945134162903,0.04199511557817459
0.26904964447021484,0.18884430825710297
-0.6169023513793945,-0.33883869647979736
-0.04535052552819252,-0.4376150071620941
0.1420137584209442,-0.312695175409317
-0.23555202782154083,-0.26336783170700073
-0.26467424631118774,-0.7454531192779541
0.2676762640476227,-0.4841218888759613
0.07553743571043015,-0.8441994786262512
0.2404346615076065,-0.6110973358154297
-0.2101989984512329,-0.6557133793830872
0.21744133532047272,-0.6798233985900879
0.26393383741378784,-0.6252925992012024
-0.4528830051422119,-0.6947174668312073
0.19238640367984772,-0.7332561016082764
0.1312832087278366,-0.7066176533699036
-0.07073422521352768,-0.780346691608429
0.15268510580062866,-0.7454811334609985
-0.3115183711051941,-0.8876379728317261
-0.08967108279466629,-0.5263025164604187
-0.14322802424430847,-0.6030989289283752
-0.4197298586368561,-0.6001312732696533
-0.5249442458152771,-0.6988731026649475
0.036262061446905136,-0.7677093148231506
-0.34404879808425903,-0.7273015975952148
0.026009269058704376,-0.7590903043746948
-0.3096885085105896,-0.5627936720848083
-0.5025769472122192,-0.43595269322395325
-0.19165632128715515,-0.7234715223312378
-0.0338764488697052,0.1375468224287033
-0.6147626638412476,-0.14180508255958557
-0.12131115049123764,-0.778305172920227
0.2242346704006195,0.4429403245449066
-0.16168521344661713,-0.8076745867729187
-0.4523340165615082,-0.5480039119720459
-0.14936061203479767,-0.3968923091888428
0.07270533591508865,-0.9203085899353027
-0.25603586435317993,-0.7476842403411865
-0.2444491684436798,-0.5956056714057922
-0.4066661298274994,-0.6397181749343872
-0.23105773329734802,-0.8012809157371521
0.14595192670822144,-0.30164453387260437
-0.29228946566581726,-0.5825597047805786
-0.1800452619791031,-0.9453856348991394
-0.3617211878299713,-0.6360139846801758
0.005565753672271967,0.6899669170379639
-0.3609115779399872,-0.8301759362220764
-0.6587139964103699,-0.06647263467311859
0.052756231278181076,-0.7696595191955566
-0.2147485762834549,0.24615606665611267
0.024333644658327103,-0.8434689044952393
-0.4033820629119873,-0.6359922289848328
-0.36462047696113586,0.5505486130714417
-0.09003220498561859,-0.8223261833190918
-0.3151269257068634,-0.7876803278923035
-0.2067728489637375,-0.746938943862915
-0.306557834148407,-0.8680981397628784
-0.19676321744918823,-0.9404882788658142
-0.00871533714234829,0.2937003970146179
-0.2101050615310669,-0.8790969252586365
-0.086957648396492,-0.8546494841575623
-0.5339217782020569,-0.5152879953384399
-0.8282962441444397,-0.06643577665090561
-0.4848628044128418,-0.6139460206031799
-0.06458988040685654,-0.8384243249893188
-0.35624533891677856,0.45892366766929626
-0.12896941602230072,0.21279245615005493
-0.44508230686187744,-0.7387149333953857
-0.11466727405786514,0.26243430376052856
-0.8397042155265808,-0.10405585914850235
0.1579619199037552,-0.9551376104354858
0.09866894036531448,0.23769305646419525
0.06472674012184143,-0.7810879349708557
0.20319496095180511,-0.7549929022789001
-0.43067944049835205,0.39073771238327026
0.0941193625330925,-0.9206939339637756
-0.059851352125406265,-0.6903716325759888
0.25944867730140686,-0.36199647188186646
-0.012767178937792778,-0.5255576968193054
-0.0014837095513939857,-0.855889081954956
-0.5385761857032776,0.5368176102638245
-0.5349113941192627,-0.4891631603240967
-0.10741840302944183,0.5254679918289185
0.23462872207164764,0.2004169523715973
-0.1771547794342041,-0.6180626153945923
-0.02363542839884758,0.6355619430541992
-0.7183417081832886,-0.0926835685968399
0.17284157872200012,0.49183687567710876
0.20081445574760437,0.6413538455963135
-0.48361414670944214,-0.7438356280326843
0.13941067457199097,-0.21896225214004517
-0.5664936900138855,-0.4538481831550598
-0.5759202241897583,-0.660291314125061
-0.6036714315414429,-0.36613166332244873
-0.5995768904685974,-0.2744576036930084
-0.8135905265808105,0.08138059824705124
-0.5120777487754822,-0.08552304655313492
-0.10264445096254349,0.527194082736969
-0.6096919178962708,-0.5583326816558838
-0.5697172284126282,0.5356066823005676
-0.5884643197059631,-0.36457231640815735
0.15365585684776306,-0.5926799178123474
-0.668678343296051,0.15011779963970184
-0.858146071434021,0.056540653109550476
-0.7187050580978394,0.3454055190086365
0.198967844247818,-0.10166145116090775
-0.7320783138275146,0.4289909899234772
0.2460629642009735,0.24791444838047028
-0.7393417954444885,0.5365307927131653
-0.7129130363464355,0.5288658738136292
-0.6589734554290771,0.5930461287498474
-0.09397726505994797,0.7829079031944275
-0.6875743865966797,0.5658035278320312
-0.6719677448272705,0.6517740488052368
-0.6745351552963257,0.6530166268348694
-0.4972463846206665,0.7765278816223145
-0.6131348013877869,0.6894227862358093
-0.5316123366355896,0.6686161160469055
-0.4622255861759186,0.6550573110580444
-0.567537784576416,-0.34146592020988464
-0.12172946333885193,-0.34323370456695557
-0.16788117587566376,0.8812457919120789
-0.16736392676830292,0.7630113363265991
0.3542700707912445,0.530738890171051
0.06254220008850098,0.6974772214889526
0.2272256314754486,-0.5327380299568176
-0.18205881118774414,0.47765210270881653
-0.239155113697052,0.5447697639465332
-0.27889636158943176,0.5397971272468567
-0.3005748391151428,0.5619395971298218
-0.3266458213329315,0.48636433482170105
-0.2782520055770874,0.6209457516670227
-0.1438685804605484,0.7869060039520264
-0.4770662486553192,-0.4486342668533325
0.1259811818599701,0.7121524214744568
0.24049673974514008,0.7158277630805969
0.15966297686100006,0.48735862970352173
0.350043922662735,0.6080499291419983
0.36900681257247925,0.026831623166799545
0.3236296474933624,-0.5924368500709534
0.2300058901309967,-0.6314363479614258
-0.5644282698631287,-0.15355144441127777
0.07581140100955963,-0.653551459312439
-0.5190830230712891,-0.6581809520721436
-0.5648353099822998,-0.57351154088974
-0.6115784645080566,-0.5048532485961914
-0.554782509803772,-0.4749855101108551
