-0.013205651193857193,-0.012591492384672165
0.0420059934258461,-0.13090766966342926
0.030812211334705353,0.11650103330612183
-0.04493993520736694,-0.011395719833672047
0.15639628469944,-0.08038065582513809
-0.0013701734133064747,-0.10697949677705765
-0.00917941052466631,-0.04015684500336647
-0.042368147522211075,0.08647195994853973
-0.02470150589942932,-0.1681881546974182
0.08841164410114288,0.16998493671417236
-0.037612177431583405,-0.02608628198504448
0.048541437834501266,0.2248799204826355
0.08539468050003052,-0.0445060171186924
-0.029301432892680168,0.1271040290594101
0.09187546372413635,0.163078173995018
0.09672906994819641,-0.17339472472667694
-0.10873331129550934,-0.13180263340473175
0.03136712312698364,0.016135001555085182
-0.015097358264029026,0.015780774876475334
0.07152938842773438,0.040425121784210205
0.023151924833655357,-0.053435925394296646
-0.08257735520601273,0.0017481810646131635
0.04668227583169937,-0.05075274035334587
0.05740542337298393,-0.039699144661426544
0.05595514178276062,-0.04525076970458031
-0.02521594613790512,0.10923335701227188
0.0037829969078302383,0.008464283309876919
0.16004742681980133,-0.004352094605565071
-0.0003024895559065044,-0.025484222918748856
-0.07300533354282379,-0.09869775176048279
0.006533357314765453,-0.11852500587701797
-0.07560444623231888,0.03402694687247276
0.045872434973716736,-0.043228887021541595
-0.062016408890485764,-0.0720321536064148
-0.020361928269267082,0.03216444328427315
-0.11321641504764557,0.019764041528105736
0.08087652921676636,-0.03703640401363373
-0.04569511488080025,-0.10935122519731522
-0.06036711111664772,-0.03489811718463898
0.003958649467676878,-0.2458130270242691
0.039582740515470505,0.1539880484342575
0.1055842936038971,0.019992263987660408
-0.1926831305027008,-0.009088872000575066
0.17302027344703674,0.03740857169032097
-0.0023302126210182905,0.010034308768808842
-0.12612959742546082,-0.0628819465637207
-0.169553741812706,-0.08402220904827118
0.10204286873340607,-0.02513291873037815
-0.11201271414756775,0.037809524685144424
0.0708964616060257,-0.003758797887712717
0.10396503657102585,-0.021537255495786667
-0.3330276608467102,-0.05739624425768852
0.16492564976215363,-0.06709864735603333
0.12947095930576324,-0.057706452906131744
-0.08459693938493729,-0.1411762535572052
-0.1227220967411995,-0.18058417737483978
-0.07787144929170609,-0.03381207212805748
-0.148313969373703,0.09466546028852463
0.1191166341304779,-0.18010477721691132
-0.18283553421497345,0.2272142916917801
0.0763959288597107,0.2723958194255829
0.2257101982831955,-0.016715364530682564
-0.11412952095270157,0.256669282913208
-0.14753541350364685,-0.03263340890407562
0.14598020911216736,0.051515012979507446
0.028763627633452415,-0.0967378318309784
-0.009491079486906528,0.12548810243606567
0.15016916394233704,-0.15813444554805756
-0.08863069117069244,-0.1092621460556984
-0.15209674835205078,-0.11399037390947342
-0.17800821363925934,0.13000041246414185
0.00535010127350688,0.17463910579681396
-0.28637269139289856,-0.07315115630626678
0.22386062145233154,0.08910007029771805
-0.24057871103286743,-0.0978073924779892
0.14500389993190765,0.11447373032569885
-0.13495060801506042,0.02183891087770462
0.32423916459083557,0.088563933968544
-0.15505927801132202,0.22975312173366547
-0.270100861787796,-0.2766859531402588
0.14017407596111298,0.08888311684131622
0.3305288851261139,0.2139080911874771
0.1624719351530075,0.045680928975343704
0.3412274122238159,-0.2702047526836395
0.1169203519821167,-0.48338666558265686
0.296425998210907,-0.10805761069059372
0.09026496857404709,0.18146035075187683
-0.075132355093956,-0.043811336159706116
-0.4462665915489197,-0.30568426847457886
-0.25909170508384705,0.08364399522542953
-0.5002201199531555,-0.030529748648405075
-0.020646894350647926,-0.2856079339981079
0.3109033405780792,0.2192811518907547
-0.3148711919784546,-0.42187008261680603
0.13662180304527283,-0.35428327322006226
0.43182992935180664,-0.2932957410812378
-0.21323803067207336,0.07860264182090759
-0.02551634982228279,-0.2758404314517975
-0.018167730420827866,-0.18258394300937653
0.01774507947266102,-0.3454975187778473
-0.1093931570649147,-0.39094480872154236
-0.27681925892829895,0.29198211431503296
0.21560579538345337,0.35359901189804077
0.11941703408956528,-0.15418247878551483
0.21862651407718658,0.24755118787288666
-0.4716271162033081,-0.0755881741642952
0.03559780493378639,-0.33391717076301575
-0.4062720537185669,-0.21298769116401672
0.12202344834804535,-0.44382184743881226
0.266958087682724,-0.08475548774003983
-0.27418050169944763,-0.05297071859240532
-0.44715195894241333,-0.04606311023235321
0.03963197395205498,0.27051952481269836
-0.4406231939792633,0.10215301811695099
-0.12574511766433716,0.25684410333633423
-0.08529454469680786,-0.3695320785045624
0.2545017898082733,0.024305975064635277
-0.27620217204093933,0.10063723474740982
0.06457797437906265,-0.26141229271888733
0.3513968884944916,0.10620387643575668
-0.40455934405326843,0.23086711764335632
0.10084876418113708,0.24078084528446198
-0.3796294033527374,-0.43966418504714966
-0.10407997667789459,-0.3035413920879364
0.42717117071151733,0.10404389351606369
-0.11951445788145065,-0.4596349596977234
0.19294077157974243,-0.5112818479537964
0.24373148381710052,0.11523767560720444
-0.14471058547496796,-0.54839688539505
0.31084492802619934,0.1606665998697281
-0.4997544586658478,-0.3735656142234802
-0.18989960849285126,0.38889142870903015
0.17334194481372833,-0.46285074949264526
0.04305907338857651,-0.4163384735584259
0.4142913520336151,0.16679398715496063
0.15414534509181976,0.25023770332336426
-0.5202271938323975,-0.33245083689689636
-0.40928611159324646,-0.5224668383598328
0.4756178855895996,-0.37601035833358765
-0.040128473192453384,0.5262333750724792
0.011343566700816154,0.5234203934669495
-0.36973756551742554,0.21698765456676483
-0.35028812289237976,0.4824441373348236
-0.4788457751274109,0.41647928953170776
-0.44614455103874207,-0.03902824595570564
-0.14376869797706604,-0.6971009373664856
-0.10687769204378128,0.5428615212440491
-0.2763728201389313,-0.4614434242248535
-0.21546685695648193,-0.6835571527481079
-0.4130926728248596,0.4129362106323242
-0.24873840808868408,-0.1302177906036377
-0.35602623224258423,-0.05794176831841469
0.22522495687007904,-0.4294070899486542
-0.4979783296585083,-0.002117009600624442
0.4060181677341461,-0.5036778450012207
-0.6277832984924316,-0.2314760684967041
0.501878559589386,0.0404973030090332
-0.5524131059646606,-0.17336051166057587
-0.02595735900104046,-0.8479639887809753
0.5434844493865967,0.5383149981498718
-0.0074362363666296005,0.5963925719261169
-0.2621071934700012,-0.4900070130825043
0.4981076717376709,-0.2722472846508026
-0.5706486105918884,0.31432753801345825
-0.4867280125617981,0.026316173374652863
-0.29858139157295227,0.5491416454315186
0.48224928975105286,-0.036810267716646194
0.5741472840309143,0.017560666427016258
-0.39365407824516296,0.5489100813865662
0.22843801975250244,-0.4401867687702179
0.025805488228797913,0.7029172778129578
0.7551290988922119,0.3700782358646393
-0.6146293878555298,0.2618032395839691
0.6929059624671936,-0.4872971177101135
-0.5806043148040771,0.14943693578243256
-0.6180086731910706,0.35365575551986694
-0.6851874589920044,-0.17822517454624176
-0.6963707804679871,-0.39436835050582886
-0.2843829393386841,0.3188440203666687
0.45204582810401917,-0.2833152711391449
0.04143022000789642,-0.6440377831459045
0.3325148820877075,-0.3707723021507263
0.02005276270210743,0.6656251549720764
0.5136494040489197,0.45513495802879333
0.7177572250366211,0.19418035447597504
-0.7510945200920105,-0.20485885441303253
-0.8128980994224548,0.13156543672084808
0.6947342157363892,0.2069704383611679
0.27371299266815186,0.6156826615333557
0.4255865216255188,-0.7046921849250793
-0.5701231360435486,0.40798497200012207
-0.5366838574409485,0.6441896557807922
0.38194501399993896,-0.552255392074585
-0.24814929068088531,0.8730432391166687
0.7469310164451599,0.02450248785316944
0.6970281600952148,-0.4775788486003876
0.04689464345574379,-0.7171760201454163
0.8025577664375305,-0.05362117663025856
-0.612128496170044,0.6405105590820312
0.03380414471030235,-0.808886706829071
0.852316677570343,-0.17377878725528717
0.6193859577178955,-0.29838258028030396
0.34208232164382935,0.7764347791671753
-0.24233147501945496,-0.6926003098487854
0.4305598735809326,0.6607289910316467
0.24167539179325104,0.7760183811187744
0.8364341259002686,0.28011366724967957
-0.2692252993583679,0.7806675434112549
0.043238066136837006,-0.6083976626396179
0.019093140959739685,0.8159403204917908
-0.7511084675788879,0.32194194197654724
0.012699971906840801,-0.5489029884338379
-0.44194892048835754,-0.7880724668502808
0.5527064204216003,0.11631036549806595
0.15343646705150604,-0.6962743997573853
-0.6739644408226013,0.186763733625412
0.07480045408010483,0.8562256693840027
-0.9011391401290894,-0.3237209916114807
-0.815566897392273,-0.4816013276576996
0.3182165026664734,-0.7795921564102173
0.558636486530304,-0.6445826888084412
-0.1021110862493515,0.8571648597717285
-0.7043732404708862,0.5601810216903687
-0.22771517932415009,-0.7548800110816956
-0.3887053430080414,0.659945011138916
-0.9377046823501587,0.20918384194374084
0.6169648170471191,0.29194289445877075
0.5663414001464844,-0.5498661398887634
0.6904426217079163,0.6092702746391296
-0.17054840922355652,-0.9781925678253174
-0.4243438243865967,0.80293869972229
0.013511060737073421,0.020235508680343628
-0.16887782514095306,-0.08177648484706879
0.06954881548881531,-0.13812215626239777
-0.09636253118515015,-0.004612443968653679
0.038192540407180786,0.06727701425552368
-0.12374784797430038,-0.06621767580509186
-0.02951839007437229,0.13598094880580902
0.003697465406730771,-0.20503242313861847
-0.03826764225959778,-0.17161713540554047
-0.1460137963294983,-0.07327527552843094
-0.14711318910121918,0.03223537281155586
-0.02309810183942318,-0.2080925703048706
0.18486784398555756,0.013244452886283398
-0.26191359758377075,-0.19558599591255188
-0.15837936103343964,0.24489513039588928
-0.12612751126289368,-0.20979173481464386
0.22633519768714905,-0.03572923317551613
0.13103513419628143,-0.1022675484418869
0.042320165783166885,-0.2896072566509247
-0.32468414306640625,-0.021686622872948647
0.12840703129768372,-0.1796940267086029
-0.30674463510513306,-0.0610286220908165
0.4239543378353119,-0.20626240968704224
-0.40062466263771057,0.04188291355967522
-0.06473193317651749,0.20470991730690002
0.21146230399608612,0.10240668803453445
-0.015154935419559479,0.37678349018096924
-0.32662612199783325,0.388898104429245
-0.18633252382278442,0.5439655184745789
0.6001451015472412,0.013556539081037045
0.01599731668829918,0.28447869420051575
-0.17628486454486847,-0.4228023886680603
0.08515936136245728,-0.4073628783226013
0.2846643626689911,-0.49761220812797546
-0.19588743150234222,-0.5686213374137878
0.26322266459465027,-0.5625354647636414
-0.5800508260726929,-0.05149957537651062
-0.28057700395584106,-0.19886435568332672
0.47553569078445435,-0.1577560156583786
0.2549256682395935,-0.2850131690502167
-0.2750643789768219,0.5945642590522766
-0.2917718291282654,-0.7876746654510498
-0.7008207440376282,-0.20963026583194733
0.5663651823997498,-0.6761734485626221
0.6332529187202454,-0.12206225097179413
-0.2590155601501465,0.5008976459503174
-0.5744802355766296,-0.5480591058731079
0.2910287380218506,0.4176800847053528
0.5711345076560974,-0.5143388509750366
0.5559724569320679,-0.13126669824123383
0.14602068066596985,-0.5674645900726318
-0.2940492630004883,-0.5832872986793518
0.026086699217557907,0.5068260431289673
-0.12305254489183426,-0.8333674669265747
0.14609453082084656,-0.7900718450546265
-0.8594886064529419,-0.24550051987171173
0.7713083028793335,0.25478214025497437
-0.007206344045698643,-0.6638538241386414
-0.4888863265514374,0.648788332939148
0.817794919013977,-0.1105182096362114
0.7675620317459106,0.5522966980934143
-0.5199645161628723,-0.702486515045166
0.45301878452301025,0.721630334854126
0.9205045104026794,-0.28485628962516785
-0.8341445922851562,-0.23411627113819122
-0.0696539580821991,0.03640180081129074
0.0013872797135263681,0.013286175206303596
-0.04425067454576492,-0.0943913459777832
-0.2550370693206787,0.11969449371099472
0.06646008789539337,0.06128771975636482
-0.22703468799591064,-0.2819008529186249
-0.31956207752227783,-0.48532238602638245
-0.2942480742931366,0.27398085594177246
-0.31765031814575195,-0.05522165820002556
-0.15619976818561554,0.06338595598936081
-0.010055587626993656,-0.2082623839378357
0.09228017181158066,0.09668442606925964
0.10402887314558029,-0.09473075717687607
0.2776862382888794,0.14044569432735443
-0.11140126734972,-0.22626405954360962
-0.255947470664978,0.01926378719508648
-0.11123292148113251,0.09475474804639816
0.36125096678733826,0.07314281165599823
-0.2433776706457138,-0.19669310748577118
0.30111438035964966,-0.1617378294467926
0.21248285472393036,-0.27193665504455566
0.42688536643981934,-0.08212466537952423
0.029626036062836647,0.4210304021835327
-0.0951419323682785,0.3745909631252289
0.14395499229431152,0.29399606585502625
-0.37717360258102417,0.06031600013375282
-0.03249196708202362,0.3935735523700714
0.37292665243148804,0.01998850889503956
0.11279647797346115,0.5755646228790283
0.6450729370117188,-0.09396576881408691
-0.370065301656723,-0.19993162155151367
0.2567969560623169,0.17676028609275818
0.2928474247455597,0.2982868254184723
-0.42169317603111267,0.22096674144268036
0.35751304030418396,-0.5308956503868103
0.3055136203765869,0.34066832065582275
-0.5430471897125244,-0.03910209611058235
-0.3626275956630707,-0.31529486179351807
0.5357732772827148,-0.18089981377124786
-0.371954083442688,-0.3446117341518402
0.41032645106315613,0.7991790771484375
0.11568410694599152,0.741074800491333
0.40817856788635254,0.4800834655761719
-0.28837183117866516,0.4870953857898712
-0.4007742404937744,0.7348180413246155
0.2560901641845703,-0.6609492897987366
-0.6816064119338989,0.09197309613227844
0.538345456123352,0.3737197816371918
0.1296912431716919,0.7311573028564453
0.8706433773040771,0.0690673366189003
-0.8186030983924866,-0.28678637742996216
-0.9265509843826294,0.15868310630321503
0.7576215863227844,-0.4723580777645111
0.008341201581060886,0.8828009366989136
-0.4314623475074768,0.550041139125824
0.8073437809944153,0.38440874218940735
0.38764891028404236,-0.6356959939002991
-0.47293636202812195,0.4840020537376404
-0.11943059414625168,0.9598414897918701
0.6215847134590149,0.6954226493835449
0.2967347502708435,0.9468757510185242
0.24150682985782623,-0.8800069689750671
-0.6642516255378723,0.23438476026058197
0.12894566357135773,0.07615435123443604
0.1309291571378708,-0.06692612916231155
0.1353788822889328,-0.041369304060935974
0.08584361523389816,0.056243862956762314
-0.04333193972706795,0.09652462601661682
-0.23242129385471344,0.1206507757306099
0.0013409674866124988,-0.14999517798423767
0.07783494144678116,-0.08274507522583008
0.20848622918128967,0.02103366330265999
0.00842256098985672,0.08571260422468185
-0.0927606150507927,0.19215430319309235
-0.2813255190849304,-0.35351473093032837
0.11768428981304169,0.03610097989439964
-0.099430613219738,0.2679661214351654
-0.07093088328838348,0.126870796084404
0.04050397872924805,-0.13354329764842987
-0.2992449998855591,-0.14106318354606628
0.08685872703790665,-0.21110516786575317
-0.08131962269544601,0.33708059787750244
-0.21692653000354767,-0.18158051371574402
-0.059129614382982254,-0.019635118544101715
0.36246174573898315,-0.05471764877438545
-0.12905873358249664,0.1493789404630661
-0.037964317947626114,0.2801908552646637
-0.20798055827617645,-0.010590472258627415
-0.34097790718078613,-0.3332696259021759
0.19018998742103577,0.2526839077472687
-0.5226464867591858,-0.18479754030704498
0.3612518012523651,-0.06409670412540436
-0.35580217838287354,0.10578247159719467
-0.5735220909118652,0.2389191836118698
-0.06455210596323013,-0.20658451318740845
0.36825162172317505,0.3525947630405426
-0.5222740769386292,0.09613285213708878
0.2061142921447754,0.34473544359207153
0.22142361104488373,0.4167429804801941
0.1915292888879776,0.39421314001083374
-0.30719128251075745,0.21288838982582092
0.28905150294303894,0.3660098612308502
0.050986386835575104,0.3929159939289093
-0.6539425849914551,0.10466805845499039
-0.58539217710495,0.05173864960670471
-0.5393038392066956,0.32661402225494385
0.7537288665771484,0.1258978247642517
-0.5578230619430542,-0.12949015200138092
0.29888013005256653,0.7018371224403381
-0.17855416238307953,0.4941369295120239
0.16612601280212402,0.6453925371170044
0.5426378846168518,0.18831956386566162
-0.6209436655044556,-0.054991766810417175
-0.5099120736122131,-0.34284040331840515
-0.31095048785209656,-0.5457157492637634
0.4184969961643219,0.3341662585735321
0.6234868764877319,0.08133422583341599
-0.1256299614906311,0.5366590023040771
0.0006679804064333439,0.4636000692844391
0.003916092216968536,0.38128578662872314
-0.7295476198196411,0.09149120002985
0.518713653087616,-0.5066391229629517
-0.2311481237411499,0.5206233263015747
0.382348895072937,0.19026508927345276
0.5705295205116272,0.6154707074165344
-0.39983904361724854,0.5753113627433777
0.7607065439224243,-0.00048314881860278547
0.26552826166152954,0.6382087469100952
0.5519307851791382,-0.20055745542049408
0.6640388369560242,-0.042423222213983536
-0.06747832894325256,-0.749120831489563
-0.28251731395721436,-0.38641059398651123
0.21996581554412842,-0.8794927597045898
-0.6403443217277527,0.15004566311836243
-0.5191887021064758,-0.2480483204126358
-0.14911003410816193,0.3725607395172119
-0.05885069817304611,-0.8453623652458191
0.1276935636997223,-0.7814287543296814
0.13266733288764954,0.869498074054718
-0.30001726746559143,0.41497060656547546
-0.07274080812931061,0.9098526835441589
-0.5868858695030212,0.6232302784919739
0.18685133755207062,0.5027680993080139
-0.0073135714046657085,-0.7041009664535522
0.5032775402069092,-0.8218960165977478
-0.8136311769485474,-0.5800923705101013
0.47990238666534424,-0.7120507955551147
0.35212913155555725,0.6256410479545593
0.18776299059391022,-0.8156198859214783
-0.8492158651351929,-0.007083679549396038
0.044416315853595734,-0.935725748538971
0.4693962037563324,0.7226024866104126
-0.6759834289550781,0.013818974606692791
0.3512049615383148,0.8511726260185242
0.8177552819252014,-0.5452795624732971
0.02219647541642189,-0.05806485190987587
-0.1538075953722,-0.3118504583835602
0.03199588507413864,0.11290787905454636
0.429061621427536,0.0010701871942728758
0.28090640902519226,-0.05643120035529137
0.21566420793533325,-0.12421702593564987
0.03877582401037216,-0.2672906219959259
-0.3495444059371948,0.25466030836105347
0.009977148845791817,-0.401470810174942
0.12810620665550232,-0.34483975172042847
0.3351050317287445,0.19918915629386902
-0.3585337698459625,0.2162141054868698
0.31262317299842834,-0.3380833864212036
-0.4051065146923065,0.19472149014472961
0.38857224583625793,0.2965524196624756
-0.07848310470581055,0.6437528729438782
-0.10495594888925552,0.4906509816646576
0.5074276924133301,-0.4208272099494934
-0.46142277121543884,-0.1968153566122055
-0.5188997387886047,0.13744373619556427
0.6443452835083008,-0.213754341006279
-0.23466701805591583,0.3136003017425537
0.019109413027763367,-0.4104136526584625
-0.6365857124328613,0.015206254087388515
0.2229936271905899,-0.6691362857818604
0.4738325774669647,-0.469322144985199
0.5169137716293335,-0.07936950027942657
0.6309247612953186,-0.24845658242702484
0.1852913349866867,-0.7126791477203369
0.6644948720932007,0.1516682654619217
-0.6862545013427734,-0.3662157654762268
-0.4118199050426483,0.5463966727256775
0.5947549343109131,0.5998342633247375
-0.2706691026687622,0.7121488451957703
0.5064759850502014,0.4904632270336151
-0.12200300395488739,0.6105253100395203
0.21684829890727997,-0.7808482050895691
0.26799365878105164,-0.7507897019386292
-0.7973034381866455,-0.1940489262342453
-0.19022712111473083,0.8039855360984802
0.8532792329788208,-0.2871965169906616
-0.1137884333729744,0.042537957429885864
-0.10960010439157486,-0.11497168987989426
-0.17867974936962128,0.08331312984228134
-0.35096320509910583,-0.12812539935112
-0.29482489824295044,0.2936205565929413
-0.4008147120475769,-0.24425718188285828
0.010952208191156387,0.1762325018644333
-0.24440300464630127,0.17466580867767334
0.3489193916320801,-0.0038247196935117245
-0.3479902446269989,-0.18108631670475006
-0.5335490107536316,-0.25893086194992065
-0.17708447575569153,-0.4668077230453491
-0.028656817972660065,-0.5678853392601013
-0.24160675704479218,-0.48757311701774597
0.3598741292953491,0.017373748123645782
0.30374667048454285,0.46183228492736816
-0.6087656617164612,0.24966110289096832
-0.2339714914560318,-0.710554838180542
-0.43026384711265564,-0.2663218080997467
-0.440213680267334,-0.3451654016971588
0.2694072127342224,0.6007421612739563
-0.3526667356491089,0.05326736718416214
0.5340784788131714,-0.2970082461833954
-0.2357044517993927,0.652324378490448
-0.8555501699447632,-0.11042433232069016
-0.725811779499054,-0.3682610094547272
0.6067252159118652,-0.5640432834625244
0.5621432662010193,0.592970073223114
-0.3921875059604645,-0.5254533290863037
0.30905210971832275,-0.7630155086517334
0.5522457957267761,0.7944468855857849
-0.1469450443983078,0.6746272444725037
0.502920389175415,0.364839106798172
0.5481206774711609,-0.3784732520580292
0.27679798007011414,-0.5716164112091064
-0.041239965707063675,-0.651683509349823
-0.8923882246017456,-0.07003571838140488
0.8855054378509521,0.277238130569458
0.6092698574066162,-0.5315642952919006
0.31682130694389343,-0.6702131628990173
-0.042104460299015045,-0.05422907695174217
-0.1220317929983139,0.02879992686212063
-0.0731964185833931,-0.03502161428332329
-0.06932288408279419,0.05754978582262993
-0.20922304689884186,-0.04863239452242851
-0.08752003312110901,-0.04207275062799454
-0.020248442888259888,0.16514594852924347
-0.1794518232345581,-0.11717694252729416
-0.17427821457386017,0.02230328507721424
-0.03567207232117653,0.2804182469844818
0.16132789850234985,-0.04802282527089119
-0.12002409994602203,0.10706502944231033
0.3316616415977478,-0.4064303934574127
-0.25765976309776306,0.1405220478773117
0.16422930359840393,-0.11160237342119217
-0.052963417023420334,-0.2946540415287018
-0.35911810398101807,0.006999816745519638
0.14145579934120178,-0.5710569024085999
-0.24968259036540985,0.568345308303833
-0.3272659480571747,0.09752847254276276
0.07429519295692444,-0.23317813873291016
0.26762399077415466,-0.21049809455871582
0.3293689787387848,-0.130351722240448
0.3396669924259186,-0.07074208557605743
-0.4498032331466675,-0.4454769790172577
-0.05055038630962372,-0.5686820149421692
-0.38832399249076843,-0.2967647910118103
-0.4071488678455353,-0.2741798758506775
-0.23856495320796967,-0.1327584981918335
-0.49925169348716736,-0.36590200662612915
0.1733386069536209,0.4261639714241028
-0.40837571024894714,-0.056276824325323105
0.1398974508047104,0.5588287711143494
-0.298642098903656,0.5304310917854309
-0.4426073133945465,0.3547835350036621
0.49202409386634827,-0.1086726039648056
0.029348580166697502,0.4796132445335388
0.2062995433807373,-0.18307523429393768
0.5869348645210266,-0.35935738682746887
-0.11520262807607651,-0.5617168545722961
-0.5124855041503906,-0.07522372901439667
-0.049527134746313095,0.6659472584724426
0.49873560667037964,-0.27719181776046753
-0.4098975360393524,0.14087125658988953
0.6602959036827087,-0.3304249942302704
0.2769327461719513,0.6072271466255188
0.3098682165145874,-0.787090539932251
-0.13258910179138184,-0.7852028012275696
0.6515066027641296,-0.2829514443874359
-0.39562734961509705,-0.6217557787895203
0.5741172432899475,-0.006067731883376837
0.10129602998495102,-0.8649298548698425
-0.7197394967079163,0.024177052080631256
-0.7653488516807556,0.13976268470287323
0.8916411399841309,0.15592648088932037
0.6361096501350403,-0.547041118144989
0.6089719533920288,0.4134097695350647
0.6267040967941284,0.3259068429470062
-0.734211802482605,0.03525734692811966
0.42831018567085266,-0.6375012993812561
-0.7549899220466614,0.07490392029285431
-0.15832491219043732,0.6338082551956177
0.6860483884811401,0.11949046701192856
-0.49328556656837463,-0.6586706042289734
-0.2677595913410187,-0.736622154712677
0.035085033625364304,-0.8166339993476868
-0.8322307467460632,-0.12679173052310944
-0.06236583739519119,-0.9086377620697021
-0.3761236369609833,0.747191309928894
-0.19952794909477234,-0.5780598521232605
0.15127356350421906,0.10535773634910583
0.09189590811729431,0.07090230286121368
0.1785026341676712,-0.13960769772529602
-0.26480770111083984,-0.24783094227313995
0.02034231834113598,0.2964385151863098
-0.26386725902557373,0.04749586805701256
0.5896961092948914,0.135273739695549
0.1847856491804123,-0.19210152328014374
-0.46098387241363525,0.09596345573663712
0.12431861460208893,-0.3372833728790283
-0.09072308242321014,-0.3768352270126343
0.141350656747818,0.5075478553771973
0.36419451236724854,-0.2258472591638565
-0.07289163768291473,0.47216200828552246
-0.5023707151412964,-0.249062180519104
-0.017038296908140182,0.43104344606399536
-0.19835282862186432,-0.10525050759315491
-0.10874916613101959,-0.46593090891838074
-0.3631090819835663,0.0338725708425045
0.5042288303375244,-0.040933720767498016
-0.02473321557044983,-0.4929375946521759
-0.18890473246574402,0.4801231026649475
-0.5419960021972656,-0.35705575346946716
-0.11659887433052063,-0.2197551131248474
-0.7421178817749023,0.1701284646987915
-0.4946568012237549,0.06002853065729141
0.11529316008090973,0.49192145466804504
-0.7937459349632263,-0.15731105208396912
-0.042060233652591705,0.4284733235836029
0.09330154955387115,0.43142688274383545
-0.3967006504535675,0.31437844038009644
-0.17933791875839233,-0.3496749997138977
0.47175729274749756,0.13402290642261505
-0.5402027368545532,-0.14145830273628235
-0.04929870367050171,0.6595160961151123
0.21959364414215088,-0.7365614175796509
0.6666836142539978,-0.16886509954929352
0.5649553537368774,0.49161478877067566
0.3009224534034729,0.38094282150268555
-0.7244810461997986,0.27871763706207275
-0.08683014661073685,0.572497546672821
0.01140072662383318,-0.544867753982544
0.3957694172859192,0.5124168992042542
0.07111424952745438,0.6092360615730286
0.35154959559440613,0.5929880142211914
-0.3085695803165436,0.6016663312911987
0.701095700263977,-0.3187443017959595
-0.561573326587677,0.4620016813278198
-0.6385871767997742,0.24816285073757172
0.409217894077301,-0.538153350353241
0.06912115961313248,0.903764545917511
0.3447684049606323,0.5258111357688904
0.13900083303451538,0.7324327826499939
0.45040443539619446,0.7174697518348694
0.8429027795791626,-0.1298072338104248
0.3263365924358368,-0.7765375971794128
0.02201748453080654,0.7478234171867371
-0.8505378365516663,0.17865951359272003
0.6922329664230347,0.5621745586395264
-0.8116322755813599,-0.3099387288093567
0.29983723163604736,0.8712237477302551
-0.9577668309211731,0.11711936444044113
0.13123206794261932,0.15922215580940247
-0.07145679742097855,0.0822671428322792
-0.3770955801010132,-0.18238471448421478
-0.20307104289531708,-0.05280299484729767
0.2712242305278778,0.38854220509529114
-0.2761308252811432,0.030179696157574654
-0.4429949223995209,-0.12274587899446487
-0.33471930027008057,-0.27544593811035156
-0.42884737253189087,-0.14409205317497253
0.5258257389068604,0.2991146147251129
0.3785487711429596,0.31279256939888
0.37854084372520447,0.4862734377384186
-0.2826865017414093,-0.6436318755149841
-0.2318970412015915,-0.4282517731189728
0.29632002115249634,-0.41492512822151184
0.27455204725265503,0.6427202224731445
0.9368910789489746,0.0800754502415657
0.702866792678833,-0.27822446823120117
0.7565317749977112,-0.16688598692417145
-0.9773662686347961,-0.07770747691392899
-0.7136346101760864,-0.06485438346862793
-0.6288607716560364,-0.4803248345851898
-0.6706093549728394,0.2987699806690216
0.8106361031532288,-0.3980061709880829
0.22861576080322266,0.11346904933452606
-0.26467981934547424,0.20820626616477966
0.1257501244544983,0.434765100479126
0.21374203264713287,0.03643017262220383
-0.2721235752105713,0.502037525177002
0.27908855676651,-0.304968923330307
0.33304643630981445,-0.13584096729755402
0.08686874061822891,-0.5105525255203247
0.45583757758140564,-0.48821645975112915
-0.5936439037322998,-0.10005666315555573
-0.27152150869369507,0.618280291557312
-0.32905709743499756,0.6505941152572632
0.4359391927719116,0.2834489941596985
-0.26267901062965393,-0.2648700773715973
-0.4197578728199005,-0.44872739911079407
-0.6356536149978638,-0.0038810453843325377
-0.2050779014825821,-0.629093587398529
-0.5789574980735779,0.524364173412323
-0.7159241437911987,0.4329288899898529
0.840953528881073,0.235194593667984
-0.17095020413398743,0.8055400848388672
0.8319814801216125,0.06375978887081146
0.16351833939552307,-0.6458984613418579
0.8587511777877808,0.33916547894477844
0.11188650876283646,0.7771190404891968
0.007034029345959425,0.7930566668510437
-0.4091261029243469,0.6428253650665283
0.7438472509384155,0.06233996897935867
0.6491475701332092,0.4529758095741272
0.04087739437818527,-0.7519742250442505
0.052383262664079666,1.0
0.06919918209314346,-0.13388125598430634
-0.004077976569533348,0.012693713419139385
-0.29176411032676697,0.004487276077270508
-0.24243035912513733,0.016834691166877747
0.1293182522058487,0.20601791143417358
-0.2460491806268692,-0.06679783016443253
0.33179807662963867,0.0559714138507843
-0.17798776924610138,0.41442611813545227
0.238073468208313,-0.03164165839552879
0.0037099821493029594,0.3307875692844391
-0.25402677059173584,-0.18941082060337067
-0.19782879948616028,0.23266161978244781
0.22058580815792084,0.23961469531059265
0.23533019423484802,0.13039052486419678
0.2753138840198517,0.18819397687911987
-0.11711498349905014,-0.4754053056240082
0.0009633770678192377,-0.45112311840057373
-0.011749111115932465,0.5918080806732178
-0.10159476846456528,-0.23547998070716858
0.288866251707077,0.47207605838775635
-0.1553836613893509,0.3809991478919983
0.06013200432062149,-0.5917027592658997
0.30307409167289734,0.015160776674747467
-0.27753332257270813,0.22750510275363922
-0.6595682501792908,-0.1393216848373413
0.12357094883918762,-0.5485391616821289
0.19940486550331116,-0.34468454122543335
0.0863330215215683,0.30705776810646057
0.5680044293403625,0.5806673169136047
0.27345097064971924,0.1984894722700119
0.21640603244304657,0.4960019290447235
-0.17141811549663544,-0.8098652958869934
-0.7497449517250061,0.21511387825012207
0.25270017981529236,-0.29451823234558105
0.21437247097492218,0.6072434186935425
0.46709728240966797,-0.19882597029209137
-0.5994606614112854,-0.11671465635299683
-0.6387880444526672,-0.2572318911552429
0.47884848713874817,-0.6388316750526428
-0.4518676698207855,0.4690440595149994
0.5285535454750061,-0.49191853404045105
-0.5237404108047485,-0.5014469623565674
0.3254474699497223,-0.5582125782966614
0.4324953854084015,0.25782540440559387
-0.740802526473999,-0.31626617908477783
-0.6814142465591431,-0.10494635254144669
0.5626865029335022,0.46413037180900574
-0.8061792850494385,-0.21363627910614014
0.24714356660842896,-0.6379767656326294
-0.9051513671875,-0.021021146327257156
0.9212584495544434,0.10177793353796005
-0.18739061057567596,0.1447172611951828
0.036741841584444046,0.026513105258345604
0.3899920582771301,0.09751512110233307
-0.2902798354625702,0.12482763081789017
0.08536797761917114,-0.38182902336120605
0.17489653825759888,-0.32559558749198914
-0.11281629651784897,-0.340684175491333
-0.5388258695602417,0.31849104166030884
-0.010382276028394699,0.3870672881603241
-0.41690966486930847,0.16113346815109253
-0.3336580693721771,0.163628488779068
0.551536500453949,-0.0371653251349926
-0.036876607686281204,0.7131280899047852
0.26953446865081787,-0.4826565086841583
0.4785347282886505,0.12060321122407913
-0.10090383887290955,0.4183046817779541
-0.36440104246139526,-0.635254979133606
0.245651975274086,0.7500752210617065
0.472401887178421,-0.142606720328331
0.16047342121601105,0.6566518545150757
0.48694267868995667,-0.49951308965682983
-0.8360733985900879,0.07030066102743149
0.8622508645057678,0.2745203375816345
0.6291912198066711,0.4489237070083618
-0.15502318739891052,0.15604247152805328
-0.29493170976638794,0.21179775893688202
0.13698604702949524,0.29226332902908325
-0.12892751395702362,0.2146933227777481
-0.33664125204086304,-0.4412141740322113
-0.014569982886314392,0.1964450627565384
0.27163395285606384,0.003457559971138835
-0.14950869977474213,-0.28413885831832886
0.3348446786403656,0.02376316301524639
-0.21279701590538025,0.2059878706932068
-0.48536181449890137,0.2641768455505371
0.6649183630943298,0.11875447630882263
0.15581674873828888,-0.30729830265045166
0.3953968286514282,0.42031821608543396
-0.5269541144371033,0.2581779658794403
0.5459573268890381,-0.4084971249103546
-0.20556877553462982,-0.3296583294868469
0.268676221370697,0.30936920642852783
0.46913960576057434,0.1324937641620636
-0.396227091550827,-0.36353152990341187
0.1389470100402832,-0.5890811085700989
-0.4013039171695709,0.5415105223655701
-0.3079579472541809,-0.2645590305328369
-0.27616649866104126,-0.547086775302887
0.5141892433166504,0.12133252620697021
0.46383538842201233,-0.1629173308610916
-0.06682807952165604,-0.7217400670051575
0.18516699969768524,0.5646670460700989
-0.4170413017272949,0.7366175651550293
-0.09976710379123688,-0.4356241822242737
0.2829620838165283,0.7504236102104187
-0.20896542072296143,0.6222769021987915
0.6745396256446838,0.2943820059299469
0.8085341453552246,-0.3643518090248108
0.6140654683113098,0.7119982242584229
-0.1263984888792038,-0.7908768653869629
-0.7944014072418213,-0.20923806726932526
0.5561385154724121,-0.1068057268857956
-0.7722597718238831,0.2961205840110779
-0.08933914452791214,0.7085027098655701
-0.08081644773483276,0.06586303561925888
-0.17754364013671875,-0.07847622036933899
-0.2422029674053192,-0.1992490291595459
0.12222079932689667,-0.18755854666233063
0.11033066362142563,-0.2128942310810089
0.04099547117948532,0.27710670232772827
-0.2624547481536865,-0.13761354982852936
-0.2534305453300476,0.074785016477108
-0.5648080706596375,-0.03259919583797455
0.053288646042346954,0.28582093119621277
0.07766513526439667,0.31123003363609314
0.2730295658111572,0.5501838326454163
0.17315712571144104,0.5516387224197388
0.43392691016197205,-0.3764192461967468
0.023950913920998573,-0.35284698009490967
0.39227595925331116,0.26419520378112793
0.36130812764167786,-0.4106506407260895
0.36911776661872864,0.6649563312530518
-0.5257460474967957,-0.2331503927707672
-0.5170364379882812,-0.1989857703447342
-0.6839970946311951,0.1740787774324417
0.44340795278549194,0.4832594096660614
-0.40652427077293396,-0.544368326663971
0.7526795268058777,-0.17388497292995453
-0.7357814311981201,-0.12056858092546463
0.23033390939235687,0.7217926383018494
-0.09541793167591095,0.7524387836456299
-0.30584657192230225,0.7185887694358826
0.9090132117271423,-0.21770861744880676
-0.6522415280342102,-0.4473831057548523
-0.7917901873588562,-0.10455019772052765
0.0593484491109848,-0.7298853993415833
0.622323215007782,0.45137032866477966
-0.2553556263446808,0.9453136324882507
0.6620064973831177,0.2955840229988098
-0.07008328288793564,-0.4660596251487732
0.1182049885392189,0.337299644947052
-0.6307199001312256,-0.006963100749999285
0.6502740979194641,-0.22304140031337738
0.7333602905273438,-0.011114508844912052
0.5354094505310059,-0.5174609422683716
-0.5755041241645813,-0.41936421394348145
-0.675125002861023,0.6145502924919128
-0.2758600413799286,-0.7363970279693604
0.4136684536933899,0.5571982860565186
0.5047370195388794,-0.7883169651031494
0.02195489965379238,0.9807249307632446
-0.048691846430301666,0.025036120787262917
0.2310803234577179,-0.1901528537273407
0.31425535678863525,0.10131856054067612
0.3290001451969147,-0.19990324974060059
-0.014499888755381107,-0.3618517816066742
-0.3779248297214508,0.27939143776893616
-0.13830970227718353,0.40101519227027893
0.6290239095687866,0.11086554825305939
-0.6054900288581848,-0.4407001733779907
-0.02972324937582016,-0.7255535125732422
0.4767936170101166,-0.09591130167245865
0.5842980146408081,-0.34895339608192444
0.4126095175743103,-0.4037344753742218
0.6611103415489197,-0.28651121258735657
-0.8375802040100098,0.1993965208530426
-0.5224601626396179,0.41006359457969666
-0.5753605961799622,-0.45760661363601685
0.7603594660758972,0.16164791584014893
0.5554446578025818,-0.5727372765541077
0.5652878880500793,0.5746842622756958
-0.26196616888046265,-0.6263523697853088
0.20901235938072205,-0.6816126704216003
-0.6304316520690918,0.5448229312896729
0.741883397102356,0.37071409821510315
0.35066258907318115,-0.038967330008745193
0.21456481516361237,-0.25462278723716736
-0.032266248017549515,0.32693779468536377
-0.5739687085151672,0.2021927833557129
-0.10342034697532654,-0.6454897522926331
0.27440059185028076,0.1592634618282318
0.47533124685287476,-0.02929183654487133
0.2998781204223633,0.4666750431060791
-0.38537272810935974,-0.594810426235199
-0.5783487558364868,0.44298115372657776
-0.7413351535797119,-0.47116878628730774
-0.49995869398117065,0.44136354327201843
0.5121002197265625,0.04088865965604782
0.688344419002533,0.05453240126371384
-0.6555048823356628,0.4032590389251709
-0.7528625130653381,0.4173266887664795
0.4083558917045593,-0.7902036905288696
-0.8198292851448059,-0.40809929370880127
0.09596512466669083,-0.12052393704652786
-0.0687003880739212,0.22129176557064056
-0.15454044938087463,-0.2228640764951706
-0.016542214900255203,-0.058065686374902725
-0.11982487142086029,-0.14707981050014496
0.1624101847410202,0.1115126684308052
0.16240350902080536,0.11850664764642715
0.24050047993659973,-0.26334595680236816
-0.3465910851955414,-0.3301379382610321
0.38758382201194763,0.22597013413906097
-0.4580962359905243,0.16998785734176636
0.052368659526109695,0.3065979778766632
0.5809151530265808,-0.10189829766750336
-0.148526132106781,0.19040068984031677
-0.17954570055007935,-0.45270252227783203
-0.27388593554496765,0.2839888632297516
0.2693997025489807,-0.48422861099243164
0.6213098168373108,-0.2605983018875122
0.19345104694366455,0.07399770617485046
-0.25072941184043884,-0.34446340799331665
-0.10947702080011368,0.32267582416534424
0.07216649502515793,-0.48675429821014404
0.032045118510723114,0.5023971796035767
-0.07795552164316177,-0.32532814145088196
-0.7159153819084167,0.26800408959388733
0.2061747908592224,0.25798436999320984
-0.6570507287979126,-0.33583056926727295
-0.5074103474617004,0.601378858089447
0.1314815729856491,0.4110061228275299
-0.6385262608528137,0.10760742425918579
0.36695152521133423,-0.10393583029508591
0.6617111563682556,-0.05430125445127487
0.1863560974597931,0.44744673371315
0.30884599685668945,-0.48679643869400024
-0.4043117165565491,0.48340126872062683
-0.4244283139705658,-0.1144082248210907
-0.43143919110298157,0.3076840341091156
0.051120318472385406,-0.6694774031639099
-0.6683148145675659,0.46097657084465027
0.44743630290031433,0.5794606804847717
-0.5593686699867249,-0.23096996545791626
0.5571941137313843,-0.2084522247314453
-0.519528329372406,0.42111217975616455
-0.6707378625869751,-0.4234970510005951
0.3787010610103607,0.6795789003372192
-0.21775367856025696,-0.6134774088859558
-0.49849069118499756,0.7123057246208191
-0.6339672207832336,0.47594624757766724
0.6772223711013794,-0.09476350992918015
-0.671244740486145,0.22546027600765228
-0.48545193672180176,-0.6856814622879028
-0.5896937847137451,-0.7597851157188416
-0.6019886136054993,0.5371938943862915
-0.32252249121665955,-0.6243156790733337
0.20240098237991333,0.6940324306488037
-0.07141340523958206,0.8480350971221924
0.7146889567375183,0.34339240193367004
0.51108717918396,-0.35691869258880615
-0.6185629963874817,-0.5625552535057068
-0.7051584124565125,-0.048833079636096954
-0.6201757788658142,0.10151799768209457
-0.4976457953453064,0.558269739151001
0.5185630321502686,0.6831148862838745
-0.6358939409255981,-0.28430429100990295
0.722807765007019,-0.3894830346107483
-0.28554201126098633,0.5102201700210571
0.7773101329803467,0.23860375583171844
-0.7027349472045898,-0.05154755711555481
0.3959650993347168,-0.8813740611076355
-0.7934138178825378,-0.06138076260685921
0.5083823204040527,0.37234461307525635
0.3803899884223938,-0.7574367523193359
0.7438459992408752,0.27953872084617615
-0.1766044646501541,-0.9377549886703491
0.7131802439689636,0.15253567695617676
0.8512881994247437,-0.18824175000190735
0.005506978835910559,-0.15716731548309326
0.13517069816589355,0.18919824063777924
-0.1983436495065689,-0.05172738432884216
0.25209105014801025,0.17949062585830688
0.3699493110179901,-0.1570988893508911
-0.1283031404018402,-0.06598778069019318
-0.17088991403579712,0.4654805362224579
-0.4148777723312378,0.03103751502931118
0.12041879445314407,0.27247801423072815
-0.31141549348831177,-0.1383785456418991
-0.4749453067779541,-0.06948456168174744
-0.20618772506713867,-0.2587070167064667
0.23515620827674866,-0.40423473715782166
0.39443302154541016,-0.09779883921146393
0.43788138031959534,-0.23914511501789093
-0.45260947942733765,0.09111194312572479
-0.3127020299434662,-0.3981826603412628
-0.17891694605350494,-0.3631255626678467
0.3759536147117615,0.42119187116622925
-0.4257502853870392,-0.07297112047672272
-0.5543321371078491,0.1399637907743454
-0.16980116069316864,0.6487937569618225
0.5109907984733582,-0.26708555221557617
0.05139652267098427,-0.38016825914382935
-0.3158399760723114,0.3404884934425354
-0.39363133907318115,-0.5977948904037476
-0.3440341055393219,0.294043630361557
-0.11166016012430191,0.5399768352508545
0.5343855619430542,0.2769944965839386
0.10958800464868546,0.4848294258117676
0.5108852386474609,0.6097008585929871
-0.17100611329078674,-0.4827311933040619
-0.3123503029346466,-0.4600776433944702
0.35318389534950256,-0.36593830585479736
-0.2798462212085724,0.444585382938385
0.26514607667922974,-0.5742418169975281
0.23533478379249573,-0.3116149306297302
0.31959420442581177,0.7503551840782166
-0.00950651615858078,0.8295118808746338
0.3225364685058594,0.4707142114639282
-0.5744837522506714,-0.6255573630332947
0.9052289724349976,0.1911158263683319
0.5802288055419922,-0.430590957403183
-0.05915256217122078,-0.8554546236991882
-0.07950009405612946,-0.8048852682113647
-0.540738046169281,-0.17611797153949738
0.9015035629272461,-0.2419453263282776
-0.5491635203361511,-0.6299766302108765
0.08253500610589981,0.8025535941123962
-0.1661706566810608,0.5628517270088196
0.7673759460449219,0.41289782524108887
0.2997128963470459,0.7399411797523499
0.07548344880342484,-0.8209274411201477
0.41618555784225464,-0.6082870960235596
-0.26549530029296875,0.7841209173202515
-0.6199734210968018,0.7218260169029236
0.1993497908115387,0.8641049861907959
-0.29041334986686707,0.8796992897987366
-0.13733381032943726,-0.7741523385047913
-0.1510547250509262,-0.17998170852661133
0.13021361827850342,0.20092441141605377
-0.29760757088661194,0.368428111076355
0.3648078143596649,0.23498891294002533
0.016991151496767998,0.4510365426540375
0.3924733102321625,-0.05840802192687988
-0.1892579048871994,-0.3589860498905182
-0.24100907146930695,0.4330494701862335
0.340831458568573,-0.2119131237268448
0.39146655797958374,-0.11124460399150848
0.3293422758579254,-0.2998121976852417
-0.049399882555007935,-0.5253523588180542
0.27757859230041504,0.3799114525318146
0.3960522711277008,-0.24353976547718048
0.6181826591491699,0.34578603506088257
-0.40942296385765076,-0.20691058039665222
-0.09070806205272675,-0.4101754128932953
0.20077671110630035,0.6151431798934937
-0.1968916952610016,0.3270208239555359
-0.1406090408563614,-0.31421613693237305
-0.26212596893310547,-0.20749573409557343
-0.12722836434841156,0.7121880650520325
0.6567962169647217,0.06661529093980789
0.5175133347511292,-0.5994829535484314
0.22389942407608032,-0.4675370454788208
0.006020167842507362,-0.5896072387695312
0.3273516893386841,-0.42393118143081665
-0.2802918255329132,-0.7233378291130066
0.013427197933197021,0.5577811598777771
0.6402639746665955,-0.11081089079380035
0.6087095141410828,0.09226015210151672
-0.480601042509079,0.35501885414123535
0.7672557830810547,-0.15069237351417542
-0.06356557458639145,0.6684697866439819
0.7793119549751282,0.4446442127227783
-0.17917081713676453,-0.7479563355445862
0.03702805936336517,0.719772458076477
0.8075941205024719,-0.36467868089675903
0.561437726020813,0.5602010488510132
-0.08865843713283539,0.8405025005340576
-0.31245356798171997,0.6302363872528076
-0.5022720098495483,-0.7816436290740967
-0.21235977113246918,0.7253428101539612
0.751817524433136,0.14875851571559906
-0.7863203287124634,0.45371556282043457
-0.6380622982978821,-0.6949023604393005
-0.18476958572864532,0.013627050444483757
-0.31041625142097473,0.31700947880744934
0.19000224769115448,0.2793142795562744
0.22710666060447693,-0.14870260655879974
0.41995397210121155,-0.340610533952713
-0.14573591947555542,-0.502821683883667
0.3756686747074127,0.11518760770559311
-0.6307944059371948,-0.08875231444835663
0.5797185301780701,0.4976099133491516
-0.5304946899414062,-0.44525983929634094
-0.28404101729393005,-0.7431997060775757
-0.5143321752548218,0.02037903480231762
0.581475019454956,-0.016326509416103363
0.43817344307899475,-0.5044447183609009
-0.676517903804779,-0.2489355504512787
-0.19280558824539185,-0.7932306528091431
-0.1662399172782898,0.8027000427246094
0.3607915937900543,-0.4807652235031128
-0.5135179758071899,0.5049630999565125
0.36001890897750854,0.6060680747032166
-0.3285994231700897,-0.6947905421257019
-0.4850359559059143,0.1772451102733612
-0.5296650528907776,-0.5754062533378601
0.8723252415657043,0.13536928594112396
0.23625101149082184,-0.1501654088497162
0.6059900522232056,0.21410836279392242
0.774182140827179,-0.27085205912590027
-0.2361629754304886,-0.5970924496650696
-0.5585945248603821,0.24920007586479187
0.5952355861663818,-0.2128506302833557
0.7168393135070801,-0.09567514806985855
0.8170393109321594,-0.25058484077453613
0.6306001543998718,-0.03600126504898071
0.6557618975639343,-0.3528864085674286
0.33792003989219666,-0.529120147228241
-0.4457840621471405,-0.6188756823539734
-0.7976849675178528,-0.0058107199147343636
0.7493133544921875,-0.5756632685661316
-0.3692318797111511,-0.7104088068008423
-0.36090508103370667,0.7861878871917725
-0.5119397640228271,-0.472425252199173
-0.3502269983291626,0.46681731939315796
-0.12607556581497192,0.763234555721283
0.6893077492713928,-0.7389285564422607
0.16657495498657227,-0.8735633492469788
-0.9907751083374023,0.09149161726236343
-0.003977007698267698,-0.25966954231262207
0.21519899368286133,-0.055837903171777725
-0.06737276911735535,-0.25030508637428284
0.634562611579895,0.05689140036702156
-0.4307976961135864,0.36811476945877075
0.33614808320999146,0.03778240457177162
0.5922470092773438,-0.015409860759973526
0.5144967436790466,0.14319312572479248
-0.2949901223182678,0.6040023565292358
0.4370594322681427,-0.6822186708450317
-0.04511600360274315,0.4556373059749603
0.09316010773181915,-0.6885069012641907
-0.20114199817180634,0.703282356262207
-0.7944790124893188,-0.020409908145666122
-0.4536210596561432,-0.5340152382850647
0.33233004808425903,-0.4991607666015625
0.8911200165748596,-0.00893783662468195
0.5645944476127625,0.16384461522102356
0.2919574975967407,0.4877045452594757
0.19555136561393738,0.7122076749801636
0.6591718792915344,-0.5516391396522522
0.4742147624492645,0.6814467906951904
-0.11459618806838989,-0.6624769568443298
-0.8213531970977783,-0.05911271646618843
0.5973972678184509,-0.29177558422088623
0.17253920435905457,-0.7213512063026428
0.5765705704689026,0.6366574764251709
-0.3293552100658417,0.8707881569862366
0.8269639015197754,0.18596473336219788
-0.36945489048957825,0.46178138256073
-0.6741474270820618,-0.31048154830932617
0.3976828157901764,-0.3952353596687317
-0.2180643081665039,-0.860224187374115
-0.5382259488105774,0.5639106035232544
-0.953130841255188,-0.10278741270303726
0.27951785922050476,-0.8426027894020081
-0.17259657382965088,-0.41174501180648804
0.2853027284145355,0.28881534934043884
0.2997066378593445,-0.36687538027763367
0.18558840453624725,0.2573718726634979
0.05429833382368088,0.6453766822814941
-0.04906401410698891,-0.33786413073539734
0.0729859322309494,-0.23284810781478882
0.15757286548614502,-0.34160104393959045
0.1644228845834732,-0.27991777658462524
0.22300447523593903,-0.19067418575286865
0.6618788242340088,0.43765023350715637
-0.7660577297210693,-0.06423041969537735
-0.6208053827285767,-0.2071356624364853
0.39894574880599976,-0.3347916901111603
0.1032874584197998,-0.6241840720176697
0.8246061205863953,-0.1678839921951294
0.0795293003320694,-0.7346799373626709
-0.5829378366470337,-0.11228954792022705
-0.6600136160850525,-0.22321809828281403
-0.5395026206970215,-0.5505535006523132
0.5737375617027283,0.40184256434440613
0.474567711353302,-0.4720184803009033
0.44735828042030334,-0.7527807354927063
0.6706902980804443,-0.43855708837509155
-0.8197245597839355,0.3336309492588043
0.8068819046020508,-0.12789195775985718
0.36760783195495605,-0.725359320640564
0.6137658953666687,-0.770650327205658
-0.4077525734901428,-0.5649282336235046
0.6282395124435425,-0.6350713968276978
-0.3355531096458435,-0.8003954887390137
-0.6197591423988342,0.5796605348587036
-0.5615954399108887,-0.548437774181366
-0.21698306500911713,-0.0032831591088324785
0.007228457368910313,0.265008807182312
-0.22412577271461487,0.6225806474685669
0.3442343771457672,0.16336020827293396
0.35951030254364014,0.42580556869506836
-0.36377039551734924,0.2656738758087158
0.2867225408554077,-0.25868114829063416
-0.5747005343437195,-0.4403494894504547
0.20765386521816254,-0.420215368270874
-0.1738409548997879,-0.6889846324920654
-0.11343817412853241,-0.5541979670524597
0.5975821018218994,0.11583930999040604
0.37534406781196594,-0.44457724690437317
-0.26608335971832275,-0.8446465730667114
0.07436861842870712,0.5634658336639404
0.13078688085079193,-0.8011095523834229
0.11708056181669235,-0.608006477355957
0.3426639139652252,-0.6314863562583923
-0.308866024017334,-0.6109907031059265
0.01627018302679062,0.786747395992279
0.7182599902153015,-0.3975328207015991
0.13380302488803864,0.6466500759124756
0.9097358584403992,-0.4266681969165802
-0.7340465784072876,0.34110140800476074
0.7022230625152588,0.5399134159088135
-0.12229882180690765,0.7407493591308594
0.19610168039798737,-0.2126052975654602
-0.736881673336029,0.09312422573566437
-0.40923041105270386,0.3109375536441803
-0.30686938762664795,-0.7582051157951355
0.19245636463165283,-0.7130371332168579
-0.5344887971878052,0.4290107190608978
0.4845924377441406,-0.6499050855636597
-0.5875363349914551,-0.4269356429576874
-0.4271119236946106,0.5131679177284241
0.6516555547714233,-0.34732872247695923
0.8890143036842346,-0.057306334376335144
-0.7752350568771362,0.16857430338859558
-0.5866939425468445,-0.38151443004608154
0.5137345194816589,0.6450232863426208
0.9120882153511047,-0.029746614396572113
0.5568161010742188,-0.39380279183387756
0.5597938299179077,0.25292840600013733
0.36747097969055176,-0.33542752265930176
0.6205930113792419,0.22664561867713928
-0.2591974437236786,0.023831170052289963
-0.47719019651412964,0.05957750976085663
0.42230671644210815,0.3213323652744293
0.46055474877357483,0.3821786642074585
-0.7107265591621399,-0.25373074412345886
-0.799605667591095,0.009357566945254803
0.4176788330078125,0.23653681576251984
0.6774739623069763,-0.12400966137647629
0.3804980516433716,-0.5907015800476074
-0.17273947596549988,-0.8876293301582336
-0.6796569228172302,0.32852035760879517
0.07354126125574112,0.624144434928894
-0.3780916929244995,0.7020144462585449
0.2328088879585266,-0.6375954151153564
0.7385968565940857,0.23512783646583557
0.7334111928939819,0.0024845865555107594
0.1879010796546936,0.8077393174171448
-0.1929464042186737,-0.4671229422092438
0.02884582057595253,0.696894645690918
-0.2217780351638794,0.41769134998321533
-0.5972656011581421,-0.5997249484062195
-0.4322083294391632,-0.8016461133956909
-0.9025086760520935,-0.03372111916542053
0.7231695055961609,0.631580650806427
-0.504721999168396,0.6140458583831787
-0.6566939949989319,-0.3539590835571289
-0.02577294409275055,0.5832390785217285
0.38993823528289795,0.27091631293296814
-0.26940616965293884,-0.2958954870700836
-0.22263836860656738,-0.09244497865438461
0.3804892897605896,0.20778696238994598
-0.01630314439535141,0.19952210783958435
0.24585767090320587,-0.610011100769043
-0.15100528299808502,0.6383159756660461
0.09392113238573074,-0.47853994369506836
-0.49674272537231445,0.10785818099975586
0.19156183302402496,0.5645602345466614
-0.42740729451179504,-0.38346391916275024
-0.6067506670951843,-0.39909741282463074
-0.47437435388565063,-0.7296692728996277
0.5037440061569214,0.40472644567489624
0.5134240984916687,-0.7299780249595642
0.894434928894043,-0.0549454540014267
-0.8320425748825073,-0.28049877285957336
0.5867988467216492,-0.764954149723053
0.658750057220459,0.5612391233444214
-0.8077903985977173,-0.1834350824356079
-0.6391955018043518,0.4311569333076477
-0.30396801233291626,0.778917670249939
0.7591465711593628,0.11509998887777328
0.7876247763633728,-0.3529260456562042
0.6079752445220947,-0.2917513847351074
0.6156505346298218,-0.6322981119155884
0.7892811894416809,0.283336341381073
0.8740767240524292,-0.1607794612646103
-0.9524624347686768,-0.04292556270956993
-0.7591895461082458,0.21593165397644043
0.7601057887077332,0.4191862642765045
0.21598254144191742,-0.5227563977241516
0.07126570492982864,-0.38258397579193115
-0.3570275902748108,0.027230318635702133
0.4166632890701294,-0.1648666113615036
0.4026136100292206,-0.5504323244094849
0.744037926197052,-0.11546443402767181
-0.5183025002479553,0.679951012134552
-0.05724500119686127,0.946951687335968
-0.4800701141357422,0.7763246297836304
0.7104586958885193,-0.27473145723342896
0.22194138169288635,0.2376883625984192
-0.5154188275337219,-0.14595183730125427
0.35488784313201904,0.4550682008266449
0.4590919315814972,0.04415721818804741
-0.19820471107959747,0.35981905460357666
-0.08558451384305954,-0.8169981837272644
0.5661640763282776,-0.36724796891212463
-0.2049877792596817,0.8163183331489563
-0.4523994028568268,0.5877063274383545
-0.341538667678833,0.4750279188156128
-0.6360424757003784,0.5893352031707764
0.7322613000869751,-0.4541699290275574
0.08179859817028046,-0.8821878433227539
0.14739753305912018,-0.19171495735645294
-0.593238115310669,0.12493152171373367
-0.4620181620121002,0.42462316155433655
-0.32111018896102905,-0.5223516821861267
-0.3929353952407837,0.22649624943733215
0.5750147104263306,-0.4253833293914795
-0.5009531378746033,-0.5018450021743774
-0.37160444259643555,-0.790679931640625
0.7938055992126465,0.17452770471572876
0.0669570043683052,-0.9101929664611816
-0.6694583892822266,0.44245126843452454
0.8487527370452881,0.12796226143836975
0.6429668068885803,-0.546266496181488
-0.6856355667114258,0.5168737173080444
0.43753424286842346,-0.22393947839736938
-0.6311845183372498,-0.5771273374557495
0.5478799343109131,0.11981923878192902
-0.6909376978874207,0.3865165710449219
-0.6733793020248413,-0.6056786179542542
-0.8147862553596497,-0.3011394143104553
0.42330804467201233,0.1730661690235138
0.11494477838277817,0.4179116487503052
-0.04827253520488739,-0.6568998694419861
0.03335479274392128,-0.5866674184799194
0.5900744795799255,0.23919706046581268
-0.6201761960983276,-0.21742573380470276
0.5521335601806641,0.34594792127609253
-0.44187110662460327,-0.6855276823043823
0.353120893239975,0.36402344703674316
-0.4028000831604004,-0.13605938851833344
0.5340730547904968,0.32012781500816345
-0.6989196538925171,-0.5634904503822327
-0.482397198677063,0.2842946946620941
-0.47187161445617676,-0.5776686668395996
0.3523957431316376,-0.2030142992734909
0.18721099197864532,0.5087882876396179
-0.4273439049720764,0.7449612617492676
0.4870770275592804,0.4850960373878479
0.36821281909942627,0.7117971181869507
-0.799557089805603,-0.3110698163509369
0.09301449358463287,0.5228366851806641
0.5153466463088989,-0.6576871871948242
-0.8512346148490906,0.20951469242572784
0.924610435962677,0.0016985309775918722
-0.404209703207016,-0.3712711036205292
-0.12655328214168549,0.32000598311424255
-0.36222603917121887,-0.4819824695587158
0.7311798334121704,-0.43312186002731323
0.4804331064224243,-0.8241298794746399
0.15036234259605408,-0.4000503718852997
0.35089874267578125,-0.0909089595079422
0.8210000395774841,0.01815771870315075
0.6881896257400513,0.32198989391326904
-0.8783393502235413,0.042220864444971085
-0.5653296113014221,0.16114431619644165
0.4186100661754608,0.645804762840271
-0.47692108154296875,0.7751513719558716
0.14966808259487152,-0.30056843161582947
0.1784079223871231,-0.5142633318901062
-0.6090164184570312,0.04244324937462807
-0.003981179557740688,0.6326913237571716
-0.49720248579978943,-0.01635863445699215
0.29450175166130066,0.7070903778076172
-0.1877460926771164,0.8220610618591309
0.009085534140467644,0.8860357403755188
-0.3368242084980011,0.6573761105537415
-0.6357282996177673,-0.25695276260375977
0.4738108813762665,-0.6517886519432068
-0.6603140234947205,0.42642349004745483
0.17704901099205017,-0.6619817018508911
-0.33726251125335693,0.7223947048187256
-0.5317836999893188,0.3455507159233093
-0.735984206199646,0.0704708844423294
-0.9031017422676086,0.3667375147342682
-0.4403928816318512,0.13604854047298431
0.49934807419776917,0.6576423048973083
-0.5340602993965149,-0.44145700335502625
0.6631125807762146,-0.5406220555305481
-0.6187676191329956,0.4352787137031555
-0.3213348686695099,-0.7637006044387817
-0.10492674261331558,0.11339645087718964
-0.49465492367744446,-0.5233405232429504
-0.04064792022109032,-0.5658378005027771
-0.07724539935588837,0.7272683382034302
-0.8351421356201172,0.29375073313713074
0.07166540622711182,0.9473785161972046
0.6923280954360962,0.3952057361602783
-0.6448603868484497,0.5864583849906921
-0.4698956310749054,-0.2715131640434265
-0.11552451550960541,0.29642391204833984
0.025742486119270325,-0.9017336964607239
-0.4061850607395172,0.33792880177497864
0.8705457448959351,0.01127347256988287
0.6029985547065735,0.45034435391426086
-0.7633922696113586,-0.09674513339996338
-0.04264184832572937,-0.5891722440719604
-0.37719300389289856,-0.7857477068901062
-0.7701700925827026,0.46849581599235535
-0.5928329825401306,0.32351404428482056
-0.45580753684043884,0.5691367983818054
-0.8515437841415405,0.06118633598089218
0.7015296220779419,0.16621863842010498
0.4692230522632599,0.018790651112794876
-0.07212456315755844,0.33887091279029846
0.9045793414115906,0.23082706332206726
-0.7961514592170715,-0.5090221166610718
0.6844395399093628,-0.24127401411533356
-0.16909728944301605,-0.4569350779056549
0.2448095977306366,0.47167134284973145
-0.01031844038516283,-0.9786878228187561
-0.7491614818572998,0.35858070850372314
0.5848345756530762,-0.1387801170349121
-0.2816142141819,-0.3423820734024048
0.6358029842376709,-0.18426287174224854
0.5928632616996765,0.28582802414894104
0.4311235547065735,0.6949040293693542
0.30909258127212524,-0.7842283844947815
0.673626720905304,0.3821903467178345
0.16682611405849457,0.8963900208473206
0.20233505964279175,0.785088062286377
-0.9543706178665161,0.1714448183774948
-0.5714117288589478,0.4604429304599762
-0.19770467281341553,0.730082094669342
0.05857699736952782,0.5248540043830872
0.1313851922750473,0.8888757824897766
0.4496805667877197,0.8684529066085815
-0.8486100435256958,0.2604748010635376
0.19884119927883148,-0.7938771843910217
-0.23418407142162323,0.2894507944583893
0.7605888843536377,0.5069124102592468
0.47788843512535095,0.24192363023757935
-0.6572394967079163,-0.3577938377857208
0.3390628397464752,0.5389358401298523
0.8297497034072876,0.011476662009954453
-0.4303712844848633,0.6443423628807068
0.2327709197998047,0.7696460485458374
-0.5260260105133057,-0.7596555948257446
0.09603647142648697,0.6572380661964417
-0.1904641091823578,0.30457067489624023
0.41761791706085205,0.3366846442222595
0.8582342267036438,0.11871775984764099
-0.7509288787841797,0.4171209931373596
-0.006340180989354849,-0.9688264727592468
-0.6035304665565491,0.4880725145339966
-0.5227017402648926,0.8606691360473633
-0.9407060146331787,-0.18972916901111603
-0.7102469205856323,-0.09797240048646927
0.833952009677887,0.3217679560184479
-0.34202536940574646,0.9135067462921143
0.08053648471832275,0.80326247215271
-0.7020688652992249,-0.5012087225914001
0.33589357137680054,-0.7628319263458252
0.05234988406300545,-0.8348803520202637
0.2314157783985138,-0.9542988538742065
-0.238144189119339,-0.41295185685157776
